[2026-09-11 18:46:58] local.ERROR: Command "test" is not defined.

Did you mean one of these?
    make:test
    schedule:test {"exception":"[object] (Symfony\\Component\\Console\\Exception\\CommandNotFoundException(code: 0): Command \"test\" is not defined.

Did you mean one of these?
    make:test
    schedule:test at D:/Development/json-formatter/vendor/symfony/console/Application.php:759)
[stacktrace]
#0 D:/Development/json-formatter/vendor/symfony/console/Application.php(298): Symfony/Component/Console/Application->find('test')
#1 D:/Development/json-formatter/vendor/symfony/console/Application.php(195): Symfony/Component/Console/Application->doRun(Object(Symfony/Component/Console/Input/ArgvInput), Object(Symfony/Component/Console/Output/ConsoleOutput))
#2 D:/Development/json-formatter/vendor/laravel/framework/src/Illuminate/Foundation/Console/Kernel.php(198): Symfony/Component/Console/Application->run(Object(Symfony/Component/Console/Input/ArgvInput), Object(Symfony/Component/Console/Output/ConsoleOutput))
#3 D:/Development/json-formatter/vendor/laravel/framework/src/Illuminate/Foundation/Application.php(1242): Illuminate/Foundation/Console/Kernel->handle(Object(Symfony/Component/Console/Input/ArgvInput), Object(Symfony/Component/Console/Output/ConsoleOutput))
#4 D:/Development/json-formatter/artisan(15): Illuminate/Foundation/Application->handleCommand(Object(Symfony/Component/Console/Input/ArgvInput))
#5 {main}
"} 
[2026-09-11 18:47:47] local.ERROR: Command "test" is not defined.

Did you mean one of these?
    make:test
    schedule:test {"exception":"[object] (Symfony\\Component\\Console\\Exception\\CommandNotFoundException(code: 0): Command \"test\" is not defined.

Did you mean one of these?
    make:test
    schedule:test at D:/Development/json-formatter/vendor/symfony/console/Application.php:759)
[stacktrace]
#0 D:/Development/json-formatter/vendor/symfony/console/Application.php(298): Symfony/Component/Console/Application->find('test')
#1 D:/Development/json-formatter/vendor/symfony/console/Application.php(195): Symfony/Component/Console/Application->doRun(Object(Symfony/Component/Console/Input/ArgvInput), Object(Symfony/Component/Console/Output/ConsoleOutput))
#2 D:/Development/json-formatter/vendor/laravel/framework/src/Illuminate/Foundation/Console/Kernel.php(198): Symfony/Component/Console/Application->run(Object(Symfony/Component/Console/Input/ArgvInput), Object(Symfony/Component/Console/Output/ConsoleOutput))
#3 D:/Development/json-formatter/vendor/laravel/framework/src/Illuminate/Foundation/Application.php(1242): Illuminate/Foundation/Console/Kernel->handle(Object(Symfony/Component/Console/Input/ArgvInput), Object(Symfony/Component/Console/Output/ConsoleOutput))
#4 D:/Development/json-formatter/artisan(15): Illuminate/Foundation/Application->handleCommand(Object(Symfony/Component/Console/Input/ArgvInput))
#5 {main}
"} 
[2026-09-11 18:52:36] testing.ERROR: Target class [App\Http\Controllers\JsonFormatterController] does not exist. {"exception":"[object] (Illuminate\\Contracts\\Container\\BindingResolutionException(code: 0): Target class [App\\Http\\Controllers\\JsonFormatterController] does not exist. at D:/Development/json-formatter/vendor/laravel/framework/src/Illuminate/Container/Container.php:1149)
[stacktrace]
#0 D:/Development/json-formatter/vendor/laravel/framework/src/Illuminate/Container/Container.php(939): Illuminate/Container/Container->build('App//Http//Contro...')
#1 D:/Development/json-formatter/vendor/laravel/framework/src/Illuminate/Foundation/Application.php(1085): Illuminate/Container/Container->resolve('App//Http//Contro...', Array, true)
#2 D:/Development/json-formatter/vendor/laravel/framework/src/Illuminate/Container/Container.php(867): Illuminate/Foundation/Application->resolve('App//Http//Contro...', Array)
#3 D:/Development/json-formatter/vendor/laravel/framework/src/Illuminate/Foundation/Application.php(1065): Illuminate/Container/Container->make('App//Http//Contro...', Array)
#4 D:/Development/json-formatter/vendor/laravel/framework/src/Illuminate/Routing/Route.php(297): Illuminate/Foundation/Application->make('App//Http//Contro...')
#5 D:/Development/json-formatter/vendor/laravel/framework/src/Illuminate/Routing/Route.php(277): Illuminate/Routing/Route->getController()
#6 D:/Development/json-formatter/vendor/laravel/framework/src/Illuminate/Routing/Route.php(216): Illuminate/Routing/Route->runController()
#7 D:/Development/json-formatter/vendor/laravel/framework/src/Illuminate/Routing/Router.php(822): Illuminate/Routing/Route->run()
#8 D:/Development/json-formatter/vendor/laravel/framework/src/Illuminate/Pipeline/Pipeline.php(180): Illuminate/Routing/Router->Illuminate/Routing/{closure}(Object(Illuminate/Http/Request))
#9 D:/Development/json-formatter/vendor/laravel/framework/src/Illuminate/Routing/Middleware/SubstituteBindings.php(52): Illuminate/Pipeline/Pipeline->Illuminate/Pipeline/{closure}(Object(Illuminate/Http/Request))
#10 D:/Development/json-formatter/vendor/laravel/framework/src/Illuminate/Pipeline/Pipeline.php(219): Illuminate/Routing/Middleware/SubstituteBindings->handle(Object(Illuminate/Http/Request), Object(Closure))
#11 D:/Development/json-formatter/vendor/laravel/framework/src/Illuminate/Foundation/Http/Middleware/PreventRequestForgery.php(104): Illuminate/Pipeline/Pipeline->Illuminate/Pipeline/{closure}(Object(Illuminate/Http/Request))
#12 D:/Development/json-formatter/vendor/laravel/framework/src/Illuminate/Pipeline/Pipeline.php(219): Illuminate/Foundation/Http/Middleware/PreventRequestForgery->handle(Object(Illuminate/Http/Request), Object(Closure))
#13 D:/Development/json-formatter/vendor/laravel/framework/src/Illuminate/View/Middleware/ShareErrorsFromSession.php(48): Illuminate/Pipeline/Pipeline->Illuminate/Pipeline/{closure}(Object(Illuminate/Http/Request))
#14 D:/Development/json-formatter/vendor/laravel/framework/src/Illuminate/Pipeline/Pipeline.php(219): Illuminate/View/Middleware/ShareErrorsFromSession->handle(Object(Illuminate/Http/Request), Object(Closure))
#15 D:/Development/json-formatter/vendor/laravel/framework/src/Illuminate/Session/Middleware/StartSession.php(120): Illuminate/Pipeline/Pipeline->Illuminate/Pipeline/{closure}(Object(Illuminate/Http/Request))
#16 D:/Development/json-formatter/vendor/laravel/framework/src/Illuminate/Session/Middleware/StartSession.php(63): Illuminate/Session/Middleware/StartSession->handleStatefulRequest(Object(Illuminate/Http/Request), Object(Illuminate/Session/Store), Object(Closure))
#17 D:/Development/json-formatter/vendor/laravel/framework/src/Illuminate/Pipeline/Pipeline.php(219): Illuminate/Session/Middleware/StartSession->handle(Object(Illuminate/Http/Request), Object(Closure))
#18 D:/Development/json-formatter/vendor/laravel/framework/src/Illuminate/Cookie/Middleware/AddQueuedCookiesToResponse.php(36): Illuminate/Pipeline/Pipeline->Illuminate/Pipeline/{closure}(Object(Illuminate/Http/Request))
#19 D:/Development/json-formatter/vendor/laravel/framework/src/Illuminate/Pipeline/Pipeline.php(219): Illuminate/Cookie/Middleware/AddQueuedCookiesToResponse->handle(Object(Illuminate/Http/Request), Object(Closure))
#20 D:/Development/json-formatter/vendor/laravel/framework/src/Illuminate/Cookie/Middleware/EncryptCookies.php(74): Illuminate/Pipeline/Pipeline->Illuminate/Pipeline/{closure}(Object(Illuminate/Http/Request))
#21 D:/Development/json-formatter/vendor/laravel/framework/src/Illuminate/Pipeline/Pipeline.php(219): Illuminate/Cookie/Middleware/EncryptCookies->handle(Object(Illuminate/Http/Request), Object(Closure))
#22 D:/Development/json-formatter/vendor/laravel/framework/src/Illuminate/Pipeline/Pipeline.php(137): Illuminate/Pipeline/Pipeline->Illuminate/Pipeline/{closure}(Object(Illuminate/Http/Request))
#23 D:/Development/json-formatter/vendor/laravel/framework/src/Illuminate/Routing/Router.php(821): Illuminate/Pipeline/Pipeline->then(Object(Closure))
#24 D:/Development/json-formatter/vendor/laravel/framework/src/Illuminate/Routing/Router.php(800): Illuminate/Routing/Router->runRouteWithinStack(Object(Illuminate/Routing/Route), Object(Illuminate/Http/Request))
#25 D:/Development/json-formatter/vendor/laravel/framework/src/Illuminate/Routing/Router.php(764): Illuminate/Routing/Router->runRoute(Object(Illuminate/Http/Request), Object(Illuminate/Routing/Route))
#26 D:/Development/json-formatter/vendor/laravel/framework/src/Illuminate/Routing/Router.php(753): Illuminate/Routing/Router->dispatchToRoute(Object(Illuminate/Http/Request))
#27 D:/Development/json-formatter/vendor/laravel/framework/src/Illuminate/Foundation/Http/Kernel.php(200): Illuminate/Routing/Router->dispatch(Object(Illuminate/Http/Request))
#28 D:/Development/json-formatter/vendor/laravel/framework/src/Illuminate/Pipeline/Pipeline.php(180): Illuminate/Foundation/Http/Kernel->Illuminate/Foundation/Http/{closure}(Object(Illuminate/Http/Request))
#29 D:/Development/json-formatter/vendor/laravel/framework/src/Illuminate/Foundation/Http/Middleware/TransformsRequest.php(21): Illuminate/Pipeline/Pipeline->Illuminate/Pipeline/{closure}(Object(Illuminate/Http/Request))
#30 D:/Development/json-formatter/vendor/laravel/framework/src/Illuminate/Foundation/Http/Middleware/ConvertEmptyStringsToNull.php(31): Illuminate/Foundation/Http/Middleware/TransformsRequest->handle(Object(Illuminate/Http/Request), Object(Closure))
#31 D:/Development/json-formatter/vendor/laravel/framework/src/Illuminate/Pipeline/Pipeline.php(219): Illuminate/Foundation/Http/Middleware/ConvertEmptyStringsToNull->handle(Object(Illuminate/Http/Request), Object(Closure))
#32 D:/Development/json-formatter/vendor/laravel/framework/src/Illuminate/Foundation/Http/Middleware/TransformsRequest.php(21): Illuminate/Pipeline/Pipeline->Illuminate/Pipeline/{closure}(Object(Illuminate/Http/Request))
#33 D:/Development/json-formatter/vendor/laravel/framework/src/Illuminate/Foundation/Http/Middleware/TrimStrings.php(51): Illuminate/Foundation/Http/Middleware/TransformsRequest->handle(Object(Illuminate/Http/Request), Object(Closure))
#34 D:/Development/json-formatter/vendor/laravel/framework/src/Illuminate/Pipeline/Pipeline.php(219): Illuminate/Foundation/Http/Middleware/TrimStrings->handle(Object(Illuminate/Http/Request), Object(Closure))
#35 D:/Development/json-formatter/vendor/laravel/framework/src/Illuminate/Http/Middleware/ValidatePostSize.php(27): Illuminate/Pipeline/Pipeline->Illuminate/Pipeline/{closure}(Object(Illuminate/Http/Request))
#36 D:/Development/json-formatter/vendor/laravel/framework/src/Illuminate/Pipeline/Pipeline.php(219): Illuminate/Http/Middleware/ValidatePostSize->handle(Object(Illuminate/Http/Request), Object(Closure))
#37 D:/Development/json-formatter/vendor/laravel/framework/src/Illuminate/Foundation/Http/Middleware/PreventRequestsDuringMaintenance.php(110): Illuminate/Pipeline/Pipeline->Illuminate/Pipeline/{closure}(Object(Illuminate/Http/Request))
#38 D:/Development/json-formatter/vendor/laravel/framework/src/Illuminate/Pipeline/Pipeline.php(219): Illuminate/Foundation/Http/Middleware/PreventRequestsDuringMaintenance->handle(Object(Illuminate/Http/Request), Object(Closure))
#39 D:/Development/json-formatter/vendor/laravel/framework/src/Illuminate/Http/Middleware/HandleCors.php(61): Illuminate/Pipeline/Pipeline->Illuminate/Pipeline/{closure}(Object(Illuminate/Http/Request))
#40 D:/Development/json-formatter/vendor/laravel/framework/src/Illuminate/Pipeline/Pipeline.php(219): Illuminate/Http/Middleware/HandleCors->handle(Object(Illuminate/Http/Request), Object(Closure))
#41 D:/Development/json-formatter/vendor/laravel/framework/src/Illuminate/Http/Middleware/TrustProxies.php(58): Illuminate/Pipeline/Pipeline->Illuminate/Pipeline/{closure}(Object(Illuminate/Http/Request))
#42 D:/Development/json-formatter/vendor/laravel/framework/src/Illuminate/Pipeline/Pipeline.php(219): Illuminate/Http/Middleware/TrustProxies->handle(Object(Illuminate/Http/Request), Object(Closure))
#43 D:/Development/json-formatter/vendor/laravel/framework/src/Illuminate/Foundation/Http/Middleware/InvokeDeferredCallbacks.php(22): Illuminate/Pipeline/Pipeline->Illuminate/Pipeline/{closure}(Object(Illuminate/Http/Request))
#44 D:/Development/json-formatter/vendor/laravel/framework/src/Illuminate/Pipeline/Pipeline.php(219): Illuminate/Foundation/Http/Middleware/InvokeDeferredCallbacks->handle(Object(Illuminate/Http/Request), Object(Closure))
#45 D:/Development/json-formatter/vendor/laravel/framework/src/Illuminate/Http/Middleware/ValidatePathEncoding.php(28): Illuminate/Pipeline/Pipeline->Illuminate/Pipeline/{closure}(Object(Illuminate/Http/Request))
#46 D:/Development/json-formatter/vendor/laravel/framework/src/Illuminate/Pipeline/Pipeline.php(219): Illuminate/Http/Middleware/ValidatePathEncoding->handle(Object(Illuminate/Http/Request), Object(Closure))
#47 D:/Development/json-formatter/vendor/laravel/framework/src/Illuminate/Pipeline/Pipeline.php(137): Illuminate/Pipeline/Pipeline->Illuminate/Pipeline/{closure}(Object(Illuminate/Http/Request))
#48 D:/Development/json-formatter/vendor/laravel/framework/src/Illuminate/Foundation/Http/Kernel.php(175): Illuminate/Pipeline/Pipeline->then(Object(Closure))
#49 D:/Development/json-formatter/vendor/laravel/framework/src/Illuminate/Foundation/Http/Kernel.php(144): Illuminate/Foundation/Http/Kernel->sendRequestThroughRouter(Object(Illuminate/Http/Request))
#50 D:/Development/json-formatter/vendor/laravel/framework/src/Illuminate/Foundation/Testing/Concerns/MakesHttpRequests.php(638): Illuminate/Foundation/Http/Kernel->handle(Object(Illuminate/Http/Request))
#51 D:/Development/json-formatter/vendor/laravel/framework/src/Illuminate/Foundation/Testing/Concerns/MakesHttpRequests.php(368): Illuminate/Foundation/Testing/TestCase->call('GET', '/', Array, Array, Array, Array)
#52 D:/Development/json-formatter/tests/Feature/JsonFormatterTest.php(11): Illuminate/Foundation/Testing/TestCase->get('/')
#53 D:/Development/json-formatter/vendor/phpunit/phpunit/src/Framework/TestCase.php(1318): Tests/Feature/JsonFormatterTest->test_formatter_page_is_available()
#54 D:/Development/json-formatter/vendor/phpunit/phpunit/src/Framework/TestCase.php(1355): PHPUnit/Framework/TestCase->invokeTestMethod('test_formatter_...', Array)
#55 D:/Development/json-formatter/vendor/phpunit/phpunit/src/Framework/TestCase.php(521): PHPUnit/Framework/TestCase->runTest()
#56 D:/Development/json-formatter/vendor/phpunit/phpunit/src/Framework/TestRunner/TestRunner.php(99): PHPUnit/Framework/TestCase->runBare()
#57 D:/Development/json-formatter/vendor/phpunit/phpunit/src/Framework/TestCase.php(361): PHPUnit/Framework/TestRunner->run(Object(Tests/Feature/JsonFormatterTest))
#58 D:/Development/json-formatter/vendor/phpunit/phpunit/src/Framework/TestSuite.php(374): PHPUnit/Framework/TestCase->run()
#59 D:/Development/json-formatter/vendor/phpunit/phpunit/src/Framework/TestSuite.php(374): PHPUnit/Framework/TestSuite->run()
#60 D:/Development/json-formatter/vendor/phpunit/phpunit/src/Framework/TestSuite.php(374): PHPUnit/Framework/TestSuite->run()
#61 D:/Development/json-formatter/vendor/phpunit/phpunit/src/TextUI/TestRunner.php(64): PHPUnit/Framework/TestSuite->run()
#62 D:/Development/json-formatter/vendor/phpunit/phpunit/src/TextUI/Application.php(229): PHPUnit/TextUI/TestRunner->run(Object(PHPUnit/TextUI/Configuration/Configuration), Object(PHPUnit/Runner/ResultCache/DefaultResultCache), Object(PHPUnit/Framework/TestSuite))
#63 D:/Development/json-formatter/vendor/phpunit/phpunit/phpunit(104): PHPUnit/TextUI/Application->run(Array)
#64 D:/Development/json-formatter/vendor/bin/phpunit(122): include('D://Development//...')
#65 {main}

[previous exception] [object] (ReflectionException(code: -1): Class \"App\\Http\\Controllers\\JsonFormatterController\" does not exist at D:/Development/json-formatter/vendor/laravel/framework/src/Illuminate/Container/Container.php:1147)
[stacktrace]
#0 D:/Development/json-formatter/vendor/laravel/framework/src/Illuminate/Container/Container.php(1147): ReflectionClass->__construct('App//Http//Contro...')
#1 D:/Development/json-formatter/vendor/laravel/framework/src/Illuminate/Container/Container.php(939): Illuminate/Container/Container->build('App//Http//Contro...')
#2 D:/Development/json-formatter/vendor/laravel/framework/src/Illuminate/Foundation/Application.php(1085): Illuminate/Container/Container->resolve('App//Http//Contro...', Array, true)
#3 D:/Development/json-formatter/vendor/laravel/framework/src/Illuminate/Container/Container.php(867): Illuminate/Foundation/Application->resolve('App//Http//Contro...', Array)
#4 D:/Development/json-formatter/vendor/laravel/framework/src/Illuminate/Foundation/Application.php(1065): Illuminate/Container/Container->make('App//Http//Contro...', Array)
#5 D:/Development/json-formatter/vendor/laravel/framework/src/Illuminate/Routing/Route.php(297): Illuminate/Foundation/Application->make('App//Http//Contro...')
#6 D:/Development/json-formatter/vendor/laravel/framework/src/Illuminate/Routing/Route.php(277): Illuminate/Routing/Route->getController()
#7 D:/Development/json-formatter/vendor/laravel/framework/src/Illuminate/Routing/Route.php(216): Illuminate/Routing/Route->runController()
#8 D:/Development/json-formatter/vendor/laravel/framework/src/Illuminate/Routing/Router.php(822): Illuminate/Routing/Route->run()
#9 D:/Development/json-formatter/vendor/laravel/framework/src/Illuminate/Pipeline/Pipeline.php(180): Illuminate/Routing/Router->Illuminate/Routing/{closure}(Object(Illuminate/Http/Request))
#10 D:/Development/json-formatter/vendor/laravel/framework/src/Illuminate/Routing/Middleware/SubstituteBindings.php(52): Illuminate/Pipeline/Pipeline->Illuminate/Pipeline/{closure}(Object(Illuminate/Http/Request))
#11 D:/Development/json-formatter/vendor/laravel/framework/src/Illuminate/Pipeline/Pipeline.php(219): Illuminate/Routing/Middleware/SubstituteBindings->handle(Object(Illuminate/Http/Request), Object(Closure))
#12 D:/Development/json-formatter/vendor/laravel/framework/src/Illuminate/Foundation/Http/Middleware/PreventRequestForgery.php(104): Illuminate/Pipeline/Pipeline->Illuminate/Pipeline/{closure}(Object(Illuminate/Http/Request))
#13 D:/Development/json-formatter/vendor/laravel/framework/src/Illuminate/Pipeline/Pipeline.php(219): Illuminate/Foundation/Http/Middleware/PreventRequestForgery->handle(Object(Illuminate/Http/Request), Object(Closure))
#14 D:/Development/json-formatter/vendor/laravel/framework/src/Illuminate/View/Middleware/ShareErrorsFromSession.php(48): Illuminate/Pipeline/Pipeline->Illuminate/Pipeline/{closure}(Object(Illuminate/Http/Request))
#15 D:/Development/json-formatter/vendor/laravel/framework/src/Illuminate/Pipeline/Pipeline.php(219): Illuminate/View/Middleware/ShareErrorsFromSession->handle(Object(Illuminate/Http/Request), Object(Closure))
#16 D:/Development/json-formatter/vendor/laravel/framework/src/Illuminate/Session/Middleware/StartSession.php(120): Illuminate/Pipeline/Pipeline->Illuminate/Pipeline/{closure}(Object(Illuminate/Http/Request))
#17 D:/Development/json-formatter/vendor/laravel/framework/src/Illuminate/Session/Middleware/StartSession.php(63): Illuminate/Session/Middleware/StartSession->handleStatefulRequest(Object(Illuminate/Http/Request), Object(Illuminate/Session/Store), Object(Closure))
#18 D:/Development/json-formatter/vendor/laravel/framework/src/Illuminate/Pipeline/Pipeline.php(219): Illuminate/Session/Middleware/StartSession->handle(Object(Illuminate/Http/Request), Object(Closure))
#19 D:/Development/json-formatter/vendor/laravel/framework/src/Illuminate/Cookie/Middleware/AddQueuedCookiesToResponse.php(36): Illuminate/Pipeline/Pipeline->Illuminate/Pipeline/{closure}(Object(Illuminate/Http/Request))
#20 D:/Development/json-formatter/vendor/laravel/framework/src/Illuminate/Pipeline/Pipeline.php(219): Illuminate/Cookie/Middleware/AddQueuedCookiesToResponse->handle(Object(Illuminate/Http/Request), Object(Closure))
#21 D:/Development/json-formatter/vendor/laravel/framework/src/Illuminate/Cookie/Middleware/EncryptCookies.php(74): Illuminate/Pipeline/Pipeline->Illuminate/Pipeline/{closure}(Object(Illuminate/Http/Request))
#22 D:/Development/json-formatter/vendor/laravel/framework/src/Illuminate/Pipeline/Pipeline.php(219): Illuminate/Cookie/Middleware/EncryptCookies->handle(Object(Illuminate/Http/Request), Object(Closure))
#23 D:/Development/json-formatter/vendor/laravel/framework/src/Illuminate/Pipeline/Pipeline.php(137): Illuminate/Pipeline/Pipeline->Illuminate/Pipeline/{closure}(Object(Illuminate/Http/Request))
#24 D:/Development/json-formatter/vendor/laravel/framework/src/Illuminate/Routing/Router.php(821): Illuminate/Pipeline/Pipeline->then(Object(Closure))
#25 D:/Development/json-formatter/vendor/laravel/framework/src/Illuminate/Routing/Router.php(800): Illuminate/Routing/Router->runRouteWithinStack(Object(Illuminate/Routing/Route), Object(Illuminate/Http/Request))
#26 D:/Development/json-formatter/vendor/laravel/framework/src/Illuminate/Routing/Router.php(764): Illuminate/Routing/Router->runRoute(Object(Illuminate/Http/Request), Object(Illuminate/Routing/Route))
#27 D:/Development/json-formatter/vendor/laravel/framework/src/Illuminate/Routing/Router.php(753): Illuminate/Routing/Router->dispatchToRoute(Object(Illuminate/Http/Request))
#28 D:/Development/json-formatter/vendor/laravel/framework/src/Illuminate/Foundation/Http/Kernel.php(200): Illuminate/Routing/Router->dispatch(Object(Illuminate/Http/Request))
#29 D:/Development/json-formatter/vendor/laravel/framework/src/Illuminate/Pipeline/Pipeline.php(180): Illuminate/Foundation/Http/Kernel->Illuminate/Foundation/Http/{closure}(Object(Illuminate/Http/Request))
#30 D:/Development/json-formatter/vendor/laravel/framework/src/Illuminate/Foundation/Http/Middleware/TransformsRequest.php(21): Illuminate/Pipeline/Pipeline->Illuminate/Pipeline/{closure}(Object(Illuminate/Http/Request))
#31 D:/Development/json-formatter/vendor/laravel/framework/src/Illuminate/Foundation/Http/Middleware/ConvertEmptyStringsToNull.php(31): Illuminate/Foundation/Http/Middleware/TransformsRequest->handle(Object(Illuminate/Http/Request), Object(Closure))
#32 D:/Development/json-formatter/vendor/laravel/framework/src/Illuminate/Pipeline/Pipeline.php(219): Illuminate/Foundation/Http/Middleware/ConvertEmptyStringsToNull->handle(Object(Illuminate/Http/Request), Object(Closure))
#33 D:/Development/json-formatter/vendor/laravel/framework/src/Illuminate/Foundation/Http/Middleware/TransformsRequest.php(21): Illuminate/Pipeline/Pipeline->Illuminate/Pipeline/{closure}(Object(Illuminate/Http/Request))
#34 D:/Development/json-formatter/vendor/laravel/framework/src/Illuminate/Foundation/Http/Middleware/TrimStrings.php(51): Illuminate/Foundation/Http/Middleware/TransformsRequest->handle(Object(Illuminate/Http/Request), Object(Closure))
#35 D:/Development/json-formatter/vendor/laravel/framework/src/Illuminate/Pipeline/Pipeline.php(219): Illuminate/Foundation/Http/Middleware/TrimStrings->handle(Object(Illuminate/Http/Request), Object(Closure))
#36 D:/Development/json-formatter/vendor/laravel/framework/src/Illuminate/Http/Middleware/ValidatePostSize.php(27): Illuminate/Pipeline/Pipeline->Illuminate/Pipeline/{closure}(Object(Illuminate/Http/Request))
#37 D:/Development/json-formatter/vendor/laravel/framework/src/Illuminate/Pipeline/Pipeline.php(219): Illuminate/Http/Middleware/ValidatePostSize->handle(Object(Illuminate/Http/Request), Object(Closure))
#38 D:/Development/json-formatter/vendor/laravel/framework/src/Illuminate/Foundation/Http/Middleware/PreventRequestsDuringMaintenance.php(110): Illuminate/Pipeline/Pipeline->Illuminate/Pipeline/{closure}(Object(Illuminate/Http/Request))
#39 D:/Development/json-formatter/vendor/laravel/framework/src/Illuminate/Pipeline/Pipeline.php(219): Illuminate/Foundation/Http/Middleware/PreventRequestsDuringMaintenance->handle(Object(Illuminate/Http/Request), Object(Closure))
#40 D:/Development/json-formatter/vendor/laravel/framework/src/Illuminate/Http/Middleware/HandleCors.php(61): Illuminate/Pipeline/Pipeline->Illuminate/Pipeline/{closure}(Object(Illuminate/Http/Request))
#41 D:/Development/json-formatter/vendor/laravel/framework/src/Illuminate/Pipeline/Pipeline.php(219): Illuminate/Http/Middleware/HandleCors->handle(Object(Illuminate/Http/Request), Object(Closure))
#42 D:/Development/json-formatter/vendor/laravel/framework/src/Illuminate/Http/Middleware/TrustProxies.php(58): Illuminate/Pipeline/Pipeline->Illuminate/Pipeline/{closure}(Object(Illuminate/Http/Request))
#43 D:/Development/json-formatter/vendor/laravel/framework/src/Illuminate/Pipeline/Pipeline.php(219): Illuminate/Http/Middleware/TrustProxies->handle(Object(Illuminate/Http/Request), Object(Closure))
#44 D:/Development/json-formatter/vendor/laravel/framework/src/Illuminate/Foundation/Http/Middleware/InvokeDeferredCallbacks.php(22): Illuminate/Pipeline/Pipeline->Illuminate/Pipeline/{closure}(Object(Illuminate/Http/Request))
#45 D:/Development/json-formatter/vendor/laravel/framework/src/Illuminate/Pipeline/Pipeline.php(219): Illuminate/Foundation/Http/Middleware/InvokeDeferredCallbacks->handle(Object(Illuminate/Http/Request), Object(Closure))
#46 D:/Development/json-formatter/vendor/laravel/framework/src/Illuminate/Http/Middleware/ValidatePathEncoding.php(28): Illuminate/Pipeline/Pipeline->Illuminate/Pipeline/{closure}(Object(Illuminate/Http/Request))
#47 D:/Development/json-formatter/vendor/laravel/framework/src/Illuminate/Pipeline/Pipeline.php(219): Illuminate/Http/Middleware/ValidatePathEncoding->handle(Object(Illuminate/Http/Request), Object(Closure))
#48 D:/Development/json-formatter/vendor/laravel/framework/src/Illuminate/Pipeline/Pipeline.php(137): Illuminate/Pipeline/Pipeline->Illuminate/Pipeline/{closure}(Object(Illuminate/Http/Request))
#49 D:/Development/json-formatter/vendor/laravel/framework/src/Illuminate/Foundation/Http/Kernel.php(175): Illuminate/Pipeline/Pipeline->then(Object(Closure))
#50 D:/Development/json-formatter/vendor/laravel/framework/src/Illuminate/Foundation/Http/Kernel.php(144): Illuminate/Foundation/Http/Kernel->sendRequestThroughRouter(Object(Illuminate/Http/Request))
#51 D:/Development/json-formatter/vendor/laravel/framework/src/Illuminate/Foundation/Testing/Concerns/MakesHttpRequests.php(638): Illuminate/Foundation/Http/Kernel->handle(Object(Illuminate/Http/Request))
#52 D:/Development/json-formatter/vendor/laravel/framework/src/Illuminate/Foundation/Testing/Concerns/MakesHttpRequests.php(368): Illuminate/Foundation/Testing/TestCase->call('GET', '/', Array, Array, Array, Array)
#53 D:/Development/json-formatter/tests/Feature/JsonFormatterTest.php(11): Illuminate/Foundation/Testing/TestCase->get('/')
#54 D:/Development/json-formatter/vendor/phpunit/phpunit/src/Framework/TestCase.php(1318): Tests/Feature/JsonFormatterTest->test_formatter_page_is_available()
#55 D:/Development/json-formatter/vendor/phpunit/phpunit/src/Framework/TestCase.php(1355): PHPUnit/Framework/TestCase->invokeTestMethod('test_formatter_...', Array)
#56 D:/Development/json-formatter/vendor/phpunit/phpunit/src/Framework/TestCase.php(521): PHPUnit/Framework/TestCase->runTest()
#57 D:/Development/json-formatter/vendor/phpunit/phpunit/src/Framework/TestRunner/TestRunner.php(99): PHPUnit/Framework/TestCase->runBare()
#58 D:/Development/json-formatter/vendor/phpunit/phpunit/src/Framework/TestCase.php(361): PHPUnit/Framework/TestRunner->run(Object(Tests/Feature/JsonFormatterTest))
#59 D:/Development/json-formatter/vendor/phpunit/phpunit/src/Framework/TestSuite.php(374): PHPUnit/Framework/TestCase->run()
#60 D:/Development/json-formatter/vendor/phpunit/phpunit/src/Framework/TestSuite.php(374): PHPUnit/Framework/TestSuite->run()
#61 D:/Development/json-formatter/vendor/phpunit/phpunit/src/Framework/TestSuite.php(374): PHPUnit/Framework/TestSuite->run()
#62 D:/Development/json-formatter/vendor/phpunit/phpunit/src/TextUI/TestRunner.php(64): PHPUnit/Framework/TestSuite->run()
#63 D:/Development/json-formatter/vendor/phpunit/phpunit/src/TextUI/Application.php(229): PHPUnit/TextUI/TestRunner->run(Object(PHPUnit/TextUI/Configuration/Configuration), Object(PHPUnit/Runner/ResultCache/DefaultResultCache), Object(PHPUnit/Framework/TestSuite))
#64 D:/Development/json-formatter/vendor/phpunit/phpunit/phpunit(104): PHPUnit/TextUI/Application->run(Array)
#65 D:/Development/json-formatter/vendor/bin/phpunit(122): include('D://Development//...')
#66 {main}
"} 
[2026-09-11 18:52:37] testing.ERROR: Target class [App\Http\Controllers\JsonFormatterController] does not exist. {"exception":"[object] (Illuminate\\Contracts\\Container\\BindingResolutionException(code: 0): Target class [App\\Http\\Controllers\\JsonFormatterController] does not exist. at D:/Development/json-formatter/vendor/laravel/framework/src/Illuminate/Container/Container.php:1149)
[stacktrace]
#0 D:/Development/json-formatter/vendor/laravel/framework/src/Illuminate/Container/Container.php(939): Illuminate/Container/Container->build('App//Http//Contro...')
#1 D:/Development/json-formatter/vendor/laravel/framework/src/Illuminate/Foundation/Application.php(1085): Illuminate/Container/Container->resolve('App//Http//Contro...', Array, true)
#2 D:/Development/json-formatter/vendor/laravel/framework/src/Illuminate/Container/Container.php(867): Illuminate/Foundation/Application->resolve('App//Http//Contro...', Array)
#3 D:/Development/json-formatter/vendor/laravel/framework/src/Illuminate/Foundation/Application.php(1065): Illuminate/Container/Container->make('App//Http//Contro...', Array)
#4 D:/Development/json-formatter/vendor/laravel/framework/src/Illuminate/Routing/Route.php(297): Illuminate/Foundation/Application->make('App//Http//Contro...')
#5 D:/Development/json-formatter/vendor/laravel/framework/src/Illuminate/Routing/Route.php(277): Illuminate/Routing/Route->getController()
#6 D:/Development/json-formatter/vendor/laravel/framework/src/Illuminate/Routing/Route.php(216): Illuminate/Routing/Route->runController()
#7 D:/Development/json-formatter/vendor/laravel/framework/src/Illuminate/Routing/Router.php(822): Illuminate/Routing/Route->run()
#8 D:/Development/json-formatter/vendor/laravel/framework/src/Illuminate/Pipeline/Pipeline.php(180): Illuminate/Routing/Router->Illuminate/Routing/{closure}(Object(Illuminate/Http/Request))
#9 D:/Development/json-formatter/vendor/laravel/framework/src/Illuminate/Routing/Middleware/SubstituteBindings.php(52): Illuminate/Pipeline/Pipeline->Illuminate/Pipeline/{closure}(Object(Illuminate/Http/Request))
#10 D:/Development/json-formatter/vendor/laravel/framework/src/Illuminate/Pipeline/Pipeline.php(219): Illuminate/Routing/Middleware/SubstituteBindings->handle(Object(Illuminate/Http/Request), Object(Closure))
#11 D:/Development/json-formatter/vendor/laravel/framework/src/Illuminate/Foundation/Http/Middleware/PreventRequestForgery.php(104): Illuminate/Pipeline/Pipeline->Illuminate/Pipeline/{closure}(Object(Illuminate/Http/Request))
#12 D:/Development/json-formatter/vendor/laravel/framework/src/Illuminate/Pipeline/Pipeline.php(219): Illuminate/Foundation/Http/Middleware/PreventRequestForgery->handle(Object(Illuminate/Http/Request), Object(Closure))
#13 D:/Development/json-formatter/vendor/laravel/framework/src/Illuminate/View/Middleware/ShareErrorsFromSession.php(48): Illuminate/Pipeline/Pipeline->Illuminate/Pipeline/{closure}(Object(Illuminate/Http/Request))
#14 D:/Development/json-formatter/vendor/laravel/framework/src/Illuminate/Pipeline/Pipeline.php(219): Illuminate/View/Middleware/ShareErrorsFromSession->handle(Object(Illuminate/Http/Request), Object(Closure))
#15 D:/Development/json-formatter/vendor/laravel/framework/src/Illuminate/Session/Middleware/StartSession.php(120): Illuminate/Pipeline/Pipeline->Illuminate/Pipeline/{closure}(Object(Illuminate/Http/Request))
#16 D:/Development/json-formatter/vendor/laravel/framework/src/Illuminate/Session/Middleware/StartSession.php(63): Illuminate/Session/Middleware/StartSession->handleStatefulRequest(Object(Illuminate/Http/Request), Object(Illuminate/Session/Store), Object(Closure))
#17 D:/Development/json-formatter/vendor/laravel/framework/src/Illuminate/Pipeline/Pipeline.php(219): Illuminate/Session/Middleware/StartSession->handle(Object(Illuminate/Http/Request), Object(Closure))
#18 D:/Development/json-formatter/vendor/laravel/framework/src/Illuminate/Cookie/Middleware/AddQueuedCookiesToResponse.php(36): Illuminate/Pipeline/Pipeline->Illuminate/Pipeline/{closure}(Object(Illuminate/Http/Request))
#19 D:/Development/json-formatter/vendor/laravel/framework/src/Illuminate/Pipeline/Pipeline.php(219): Illuminate/Cookie/Middleware/AddQueuedCookiesToResponse->handle(Object(Illuminate/Http/Request), Object(Closure))
#20 D:/Development/json-formatter/vendor/laravel/framework/src/Illuminate/Cookie/Middleware/EncryptCookies.php(74): Illuminate/Pipeline/Pipeline->Illuminate/Pipeline/{closure}(Object(Illuminate/Http/Request))
#21 D:/Development/json-formatter/vendor/laravel/framework/src/Illuminate/Pipeline/Pipeline.php(219): Illuminate/Cookie/Middleware/EncryptCookies->handle(Object(Illuminate/Http/Request), Object(Closure))
#22 D:/Development/json-formatter/vendor/laravel/framework/src/Illuminate/Pipeline/Pipeline.php(137): Illuminate/Pipeline/Pipeline->Illuminate/Pipeline/{closure}(Object(Illuminate/Http/Request))
#23 D:/Development/json-formatter/vendor/laravel/framework/src/Illuminate/Routing/Router.php(821): Illuminate/Pipeline/Pipeline->then(Object(Closure))
#24 D:/Development/json-formatter/vendor/laravel/framework/src/Illuminate/Routing/Router.php(800): Illuminate/Routing/Router->runRouteWithinStack(Object(Illuminate/Routing/Route), Object(Illuminate/Http/Request))
#25 D:/Development/json-formatter/vendor/laravel/framework/src/Illuminate/Routing/Router.php(764): Illuminate/Routing/Router->runRoute(Object(Illuminate/Http/Request), Object(Illuminate/Routing/Route))
#26 D:/Development/json-formatter/vendor/laravel/framework/src/Illuminate/Routing/Router.php(753): Illuminate/Routing/Router->dispatchToRoute(Object(Illuminate/Http/Request))
#27 D:/Development/json-formatter/vendor/laravel/framework/src/Illuminate/Foundation/Http/Kernel.php(200): Illuminate/Routing/Router->dispatch(Object(Illuminate/Http/Request))
#28 D:/Development/json-formatter/vendor/laravel/framework/src/Illuminate/Pipeline/Pipeline.php(180): Illuminate/Foundation/Http/Kernel->Illuminate/Foundation/Http/{closure}(Object(Illuminate/Http/Request))
#29 D:/Development/json-formatter/vendor/laravel/framework/src/Illuminate/Foundation/Http/Middleware/TransformsRequest.php(21): Illuminate/Pipeline/Pipeline->Illuminate/Pipeline/{closure}(Object(Illuminate/Http/Request))
#30 D:/Development/json-formatter/vendor/laravel/framework/src/Illuminate/Foundation/Http/Middleware/ConvertEmptyStringsToNull.php(31): Illuminate/Foundation/Http/Middleware/TransformsRequest->handle(Object(Illuminate/Http/Request), Object(Closure))
#31 D:/Development/json-formatter/vendor/laravel/framework/src/Illuminate/Pipeline/Pipeline.php(219): Illuminate/Foundation/Http/Middleware/ConvertEmptyStringsToNull->handle(Object(Illuminate/Http/Request), Object(Closure))
#32 D:/Development/json-formatter/vendor/laravel/framework/src/Illuminate/Foundation/Http/Middleware/TransformsRequest.php(21): Illuminate/Pipeline/Pipeline->Illuminate/Pipeline/{closure}(Object(Illuminate/Http/Request))
#33 D:/Development/json-formatter/vendor/laravel/framework/src/Illuminate/Foundation/Http/Middleware/TrimStrings.php(51): Illuminate/Foundation/Http/Middleware/TransformsRequest->handle(Object(Illuminate/Http/Request), Object(Closure))
#34 D:/Development/json-formatter/vendor/laravel/framework/src/Illuminate/Pipeline/Pipeline.php(219): Illuminate/Foundation/Http/Middleware/TrimStrings->handle(Object(Illuminate/Http/Request), Object(Closure))
#35 D:/Development/json-formatter/vendor/laravel/framework/src/Illuminate/Http/Middleware/ValidatePostSize.php(27): Illuminate/Pipeline/Pipeline->Illuminate/Pipeline/{closure}(Object(Illuminate/Http/Request))
#36 D:/Development/json-formatter/vendor/laravel/framework/src/Illuminate/Pipeline/Pipeline.php(219): Illuminate/Http/Middleware/ValidatePostSize->handle(Object(Illuminate/Http/Request), Object(Closure))
#37 D:/Development/json-formatter/vendor/laravel/framework/src/Illuminate/Foundation/Http/Middleware/PreventRequestsDuringMaintenance.php(110): Illuminate/Pipeline/Pipeline->Illuminate/Pipeline/{closure}(Object(Illuminate/Http/Request))
#38 D:/Development/json-formatter/vendor/laravel/framework/src/Illuminate/Pipeline/Pipeline.php(219): Illuminate/Foundation/Http/Middleware/PreventRequestsDuringMaintenance->handle(Object(Illuminate/Http/Request), Object(Closure))
#39 D:/Development/json-formatter/vendor/laravel/framework/src/Illuminate/Http/Middleware/HandleCors.php(61): Illuminate/Pipeline/Pipeline->Illuminate/Pipeline/{closure}(Object(Illuminate/Http/Request))
#40 D:/Development/json-formatter/vendor/laravel/framework/src/Illuminate/Pipeline/Pipeline.php(219): Illuminate/Http/Middleware/HandleCors->handle(Object(Illuminate/Http/Request), Object(Closure))
#41 D:/Development/json-formatter/vendor/laravel/framework/src/Illuminate/Http/Middleware/TrustProxies.php(58): Illuminate/Pipeline/Pipeline->Illuminate/Pipeline/{closure}(Object(Illuminate/Http/Request))
#42 D:/Development/json-formatter/vendor/laravel/framework/src/Illuminate/Pipeline/Pipeline.php(219): Illuminate/Http/Middleware/TrustProxies->handle(Object(Illuminate/Http/Request), Object(Closure))
#43 D:/Development/json-formatter/vendor/laravel/framework/src/Illuminate/Foundation/Http/Middleware/InvokeDeferredCallbacks.php(22): Illuminate/Pipeline/Pipeline->Illuminate/Pipeline/{closure}(Object(Illuminate/Http/Request))
#44 D:/Development/json-formatter/vendor/laravel/framework/src/Illuminate/Pipeline/Pipeline.php(219): Illuminate/Foundation/Http/Middleware/InvokeDeferredCallbacks->handle(Object(Illuminate/Http/Request), Object(Closure))
#45 D:/Development/json-formatter/vendor/laravel/framework/src/Illuminate/Http/Middleware/ValidatePathEncoding.php(28): Illuminate/Pipeline/Pipeline->Illuminate/Pipeline/{closure}(Object(Illuminate/Http/Request))
#46 D:/Development/json-formatter/vendor/laravel/framework/src/Illuminate/Pipeline/Pipeline.php(219): Illuminate/Http/Middleware/ValidatePathEncoding->handle(Object(Illuminate/Http/Request), Object(Closure))
#47 D:/Development/json-formatter/vendor/laravel/framework/src/Illuminate/Pipeline/Pipeline.php(137): Illuminate/Pipeline/Pipeline->Illuminate/Pipeline/{closure}(Object(Illuminate/Http/Request))
#48 D:/Development/json-formatter/vendor/laravel/framework/src/Illuminate/Foundation/Http/Kernel.php(175): Illuminate/Pipeline/Pipeline->then(Object(Closure))
#49 D:/Development/json-formatter/vendor/laravel/framework/src/Illuminate/Foundation/Http/Kernel.php(144): Illuminate/Foundation/Http/Kernel->sendRequestThroughRouter(Object(Illuminate/Http/Request))
#50 D:/Development/json-formatter/vendor/laravel/framework/src/Illuminate/Foundation/Testing/Concerns/MakesHttpRequests.php(638): Illuminate/Foundation/Http/Kernel->handle(Object(Illuminate/Http/Request))
#51 D:/Development/json-formatter/vendor/laravel/framework/src/Illuminate/Foundation/Testing/Concerns/MakesHttpRequests.php(368): Illuminate/Foundation/Testing/TestCase->call('GET', '/', Array, Array, Array, Array)
#52 D:/Development/json-formatter/tests/Feature/JsonFormatterTest.php(23): Illuminate/Foundation/Testing/TestCase->get('/')
#53 D:/Development/json-formatter/vendor/phpunit/phpunit/src/Framework/TestCase.php(1318): Tests/Feature/JsonFormatterTest->test_page_does_not_expose_server_storage_features()
#54 D:/Development/json-formatter/vendor/phpunit/phpunit/src/Framework/TestCase.php(1355): PHPUnit/Framework/TestCase->invokeTestMethod('test_page_does_...', Array)
#55 D:/Development/json-formatter/vendor/phpunit/phpunit/src/Framework/TestCase.php(521): PHPUnit/Framework/TestCase->runTest()
#56 D:/Development/json-formatter/vendor/phpunit/phpunit/src/Framework/TestRunner/TestRunner.php(99): PHPUnit/Framework/TestCase->runBare()
#57 D:/Development/json-formatter/vendor/phpunit/phpunit/src/Framework/TestCase.php(361): PHPUnit/Framework/TestRunner->run(Object(Tests/Feature/JsonFormatterTest))
#58 D:/Development/json-formatter/vendor/phpunit/phpunit/src/Framework/TestSuite.php(374): PHPUnit/Framework/TestCase->run()
#59 D:/Development/json-formatter/vendor/phpunit/phpunit/src/Framework/TestSuite.php(374): PHPUnit/Framework/TestSuite->run()
#60 D:/Development/json-formatter/vendor/phpunit/phpunit/src/Framework/TestSuite.php(374): PHPUnit/Framework/TestSuite->run()
#61 D:/Development/json-formatter/vendor/phpunit/phpunit/src/TextUI/TestRunner.php(64): PHPUnit/Framework/TestSuite->run()
#62 D:/Development/json-formatter/vendor/phpunit/phpunit/src/TextUI/Application.php(229): PHPUnit/TextUI/TestRunner->run(Object(PHPUnit/TextUI/Configuration/Configuration), Object(PHPUnit/Runner/ResultCache/DefaultResultCache), Object(PHPUnit/Framework/TestSuite))
#63 D:/Development/json-formatter/vendor/phpunit/phpunit/phpunit(104): PHPUnit/TextUI/Application->run(Array)
#64 D:/Development/json-formatter/vendor/bin/phpunit(122): include('D://Development//...')
#65 {main}

[previous exception] [object] (ReflectionException(code: -1): Class \"App\\Http\\Controllers\\JsonFormatterController\" does not exist at D:/Development/json-formatter/vendor/laravel/framework/src/Illuminate/Container/Container.php:1147)
[stacktrace]
#0 D:/Development/json-formatter/vendor/laravel/framework/src/Illuminate/Container/Container.php(1147): ReflectionClass->__construct('App//Http//Contro...')
#1 D:/Development/json-formatter/vendor/laravel/framework/src/Illuminate/Container/Container.php(939): Illuminate/Container/Container->build('App//Http//Contro...')
#2 D:/Development/json-formatter/vendor/laravel/framework/src/Illuminate/Foundation/Application.php(1085): Illuminate/Container/Container->resolve('App//Http//Contro...', Array, true)
#3 D:/Development/json-formatter/vendor/laravel/framework/src/Illuminate/Container/Container.php(867): Illuminate/Foundation/Application->resolve('App//Http//Contro...', Array)
#4 D:/Development/json-formatter/vendor/laravel/framework/src/Illuminate/Foundation/Application.php(1065): Illuminate/Container/Container->make('App//Http//Contro...', Array)
#5 D:/Development/json-formatter/vendor/laravel/framework/src/Illuminate/Routing/Route.php(297): Illuminate/Foundation/Application->make('App//Http//Contro...')
#6 D:/Development/json-formatter/vendor/laravel/framework/src/Illuminate/Routing/Route.php(277): Illuminate/Routing/Route->getController()
#7 D:/Development/json-formatter/vendor/laravel/framework/src/Illuminate/Routing/Route.php(216): Illuminate/Routing/Route->runController()
#8 D:/Development/json-formatter/vendor/laravel/framework/src/Illuminate/Routing/Router.php(822): Illuminate/Routing/Route->run()
#9 D:/Development/json-formatter/vendor/laravel/framework/src/Illuminate/Pipeline/Pipeline.php(180): Illuminate/Routing/Router->Illuminate/Routing/{closure}(Object(Illuminate/Http/Request))
#10 D:/Development/json-formatter/vendor/laravel/framework/src/Illuminate/Routing/Middleware/SubstituteBindings.php(52): Illuminate/Pipeline/Pipeline->Illuminate/Pipeline/{closure}(Object(Illuminate/Http/Request))
#11 D:/Development/json-formatter/vendor/laravel/framework/src/Illuminate/Pipeline/Pipeline.php(219): Illuminate/Routing/Middleware/SubstituteBindings->handle(Object(Illuminate/Http/Request), Object(Closure))
#12 D:/Development/json-formatter/vendor/laravel/framework/src/Illuminate/Foundation/Http/Middleware/PreventRequestForgery.php(104): Illuminate/Pipeline/Pipeline->Illuminate/Pipeline/{closure}(Object(Illuminate/Http/Request))
#13 D:/Development/json-formatter/vendor/laravel/framework/src/Illuminate/Pipeline/Pipeline.php(219): Illuminate/Foundation/Http/Middleware/PreventRequestForgery->handle(Object(Illuminate/Http/Request), Object(Closure))
#14 D:/Development/json-formatter/vendor/laravel/framework/src/Illuminate/View/Middleware/ShareErrorsFromSession.php(48): Illuminate/Pipeline/Pipeline->Illuminate/Pipeline/{closure}(Object(Illuminate/Http/Request))
#15 D:/Development/json-formatter/vendor/laravel/framework/src/Illuminate/Pipeline/Pipeline.php(219): Illuminate/View/Middleware/ShareErrorsFromSession->handle(Object(Illuminate/Http/Request), Object(Closure))
#16 D:/Development/json-formatter/vendor/laravel/framework/src/Illuminate/Session/Middleware/StartSession.php(120): Illuminate/Pipeline/Pipeline->Illuminate/Pipeline/{closure}(Object(Illuminate/Http/Request))
#17 D:/Development/json-formatter/vendor/laravel/framework/src/Illuminate/Session/Middleware/StartSession.php(63): Illuminate/Session/Middleware/StartSession->handleStatefulRequest(Object(Illuminate/Http/Request), Object(Illuminate/Session/Store), Object(Closure))
#18 D:/Development/json-formatter/vendor/laravel/framework/src/Illuminate/Pipeline/Pipeline.php(219): Illuminate/Session/Middleware/StartSession->handle(Object(Illuminate/Http/Request), Object(Closure))
#19 D:/Development/json-formatter/vendor/laravel/framework/src/Illuminate/Cookie/Middleware/AddQueuedCookiesToResponse.php(36): Illuminate/Pipeline/Pipeline->Illuminate/Pipeline/{closure}(Object(Illuminate/Http/Request))
#20 D:/Development/json-formatter/vendor/laravel/framework/src/Illuminate/Pipeline/Pipeline.php(219): Illuminate/Cookie/Middleware/AddQueuedCookiesToResponse->handle(Object(Illuminate/Http/Request), Object(Closure))
#21 D:/Development/json-formatter/vendor/laravel/framework/src/Illuminate/Cookie/Middleware/EncryptCookies.php(74): Illuminate/Pipeline/Pipeline->Illuminate/Pipeline/{closure}(Object(Illuminate/Http/Request))
#22 D:/Development/json-formatter/vendor/laravel/framework/src/Illuminate/Pipeline/Pipeline.php(219): Illuminate/Cookie/Middleware/EncryptCookies->handle(Object(Illuminate/Http/Request), Object(Closure))
#23 D:/Development/json-formatter/vendor/laravel/framework/src/Illuminate/Pipeline/Pipeline.php(137): Illuminate/Pipeline/Pipeline->Illuminate/Pipeline/{closure}(Object(Illuminate/Http/Request))
#24 D:/Development/json-formatter/vendor/laravel/framework/src/Illuminate/Routing/Router.php(821): Illuminate/Pipeline/Pipeline->then(Object(Closure))
#25 D:/Development/json-formatter/vendor/laravel/framework/src/Illuminate/Routing/Router.php(800): Illuminate/Routing/Router->runRouteWithinStack(Object(Illuminate/Routing/Route), Object(Illuminate/Http/Request))
#26 D:/Development/json-formatter/vendor/laravel/framework/src/Illuminate/Routing/Router.php(764): Illuminate/Routing/Router->runRoute(Object(Illuminate/Http/Request), Object(Illuminate/Routing/Route))
#27 D:/Development/json-formatter/vendor/laravel/framework/src/Illuminate/Routing/Router.php(753): Illuminate/Routing/Router->dispatchToRoute(Object(Illuminate/Http/Request))
#28 D:/Development/json-formatter/vendor/laravel/framework/src/Illuminate/Foundation/Http/Kernel.php(200): Illuminate/Routing/Router->dispatch(Object(Illuminate/Http/Request))
#29 D:/Development/json-formatter/vendor/laravel/framework/src/Illuminate/Pipeline/Pipeline.php(180): Illuminate/Foundation/Http/Kernel->Illuminate/Foundation/Http/{closure}(Object(Illuminate/Http/Request))
#30 D:/Development/json-formatter/vendor/laravel/framework/src/Illuminate/Foundation/Http/Middleware/TransformsRequest.php(21): Illuminate/Pipeline/Pipeline->Illuminate/Pipeline/{closure}(Object(Illuminate/Http/Request))
#31 D:/Development/json-formatter/vendor/laravel/framework/src/Illuminate/Foundation/Http/Middleware/ConvertEmptyStringsToNull.php(31): Illuminate/Foundation/Http/Middleware/TransformsRequest->handle(Object(Illuminate/Http/Request), Object(Closure))
#32 D:/Development/json-formatter/vendor/laravel/framework/src/Illuminate/Pipeline/Pipeline.php(219): Illuminate/Foundation/Http/Middleware/ConvertEmptyStringsToNull->handle(Object(Illuminate/Http/Request), Object(Closure))
#33 D:/Development/json-formatter/vendor/laravel/framework/src/Illuminate/Foundation/Http/Middleware/TransformsRequest.php(21): Illuminate/Pipeline/Pipeline->Illuminate/Pipeline/{closure}(Object(Illuminate/Http/Request))
#34 D:/Development/json-formatter/vendor/laravel/framework/src/Illuminate/Foundation/Http/Middleware/TrimStrings.php(51): Illuminate/Foundation/Http/Middleware/TransformsRequest->handle(Object(Illuminate/Http/Request), Object(Closure))
#35 D:/Development/json-formatter/vendor/laravel/framework/src/Illuminate/Pipeline/Pipeline.php(219): Illuminate/Foundation/Http/Middleware/TrimStrings->handle(Object(Illuminate/Http/Request), Object(Closure))
#36 D:/Development/json-formatter/vendor/laravel/framework/src/Illuminate/Http/Middleware/ValidatePostSize.php(27): Illuminate/Pipeline/Pipeline->Illuminate/Pipeline/{closure}(Object(Illuminate/Http/Request))
#37 D:/Development/json-formatter/vendor/laravel/framework/src/Illuminate/Pipeline/Pipeline.php(219): Illuminate/Http/Middleware/ValidatePostSize->handle(Object(Illuminate/Http/Request), Object(Closure))
#38 D:/Development/json-formatter/vendor/laravel/framework/src/Illuminate/Foundation/Http/Middleware/PreventRequestsDuringMaintenance.php(110): Illuminate/Pipeline/Pipeline->Illuminate/Pipeline/{closure}(Object(Illuminate/Http/Request))
#39 D:/Development/json-formatter/vendor/laravel/framework/src/Illuminate/Pipeline/Pipeline.php(219): Illuminate/Foundation/Http/Middleware/PreventRequestsDuringMaintenance->handle(Object(Illuminate/Http/Request), Object(Closure))
#40 D:/Development/json-formatter/vendor/laravel/framework/src/Illuminate/Http/Middleware/HandleCors.php(61): Illuminate/Pipeline/Pipeline->Illuminate/Pipeline/{closure}(Object(Illuminate/Http/Request))
#41 D:/Development/json-formatter/vendor/laravel/framework/src/Illuminate/Pipeline/Pipeline.php(219): Illuminate/Http/Middleware/HandleCors->handle(Object(Illuminate/Http/Request), Object(Closure))
#42 D:/Development/json-formatter/vendor/laravel/framework/src/Illuminate/Http/Middleware/TrustProxies.php(58): Illuminate/Pipeline/Pipeline->Illuminate/Pipeline/{closure}(Object(Illuminate/Http/Request))
#43 D:/Development/json-formatter/vendor/laravel/framework/src/Illuminate/Pipeline/Pipeline.php(219): Illuminate/Http/Middleware/TrustProxies->handle(Object(Illuminate/Http/Request), Object(Closure))
#44 D:/Development/json-formatter/vendor/laravel/framework/src/Illuminate/Foundation/Http/Middleware/InvokeDeferredCallbacks.php(22): Illuminate/Pipeline/Pipeline->Illuminate/Pipeline/{closure}(Object(Illuminate/Http/Request))
#45 D:/Development/json-formatter/vendor/laravel/framework/src/Illuminate/Pipeline/Pipeline.php(219): Illuminate/Foundation/Http/Middleware/InvokeDeferredCallbacks->handle(Object(Illuminate/Http/Request), Object(Closure))
#46 D:/Development/json-formatter/vendor/laravel/framework/src/Illuminate/Http/Middleware/ValidatePathEncoding.php(28): Illuminate/Pipeline/Pipeline->Illuminate/Pipeline/{closure}(Object(Illuminate/Http/Request))
#47 D:/Development/json-formatter/vendor/laravel/framework/src/Illuminate/Pipeline/Pipeline.php(219): Illuminate/Http/Middleware/ValidatePathEncoding->handle(Object(Illuminate/Http/Request), Object(Closure))
#48 D:/Development/json-formatter/vendor/laravel/framework/src/Illuminate/Pipeline/Pipeline.php(137): Illuminate/Pipeline/Pipeline->Illuminate/Pipeline/{closure}(Object(Illuminate/Http/Request))
#49 D:/Development/json-formatter/vendor/laravel/framework/src/Illuminate/Foundation/Http/Kernel.php(175): Illuminate/Pipeline/Pipeline->then(Object(Closure))
#50 D:/Development/json-formatter/vendor/laravel/framework/src/Illuminate/Foundation/Http/Kernel.php(144): Illuminate/Foundation/Http/Kernel->sendRequestThroughRouter(Object(Illuminate/Http/Request))
#51 D:/Development/json-formatter/vendor/laravel/framework/src/Illuminate/Foundation/Testing/Concerns/MakesHttpRequests.php(638): Illuminate/Foundation/Http/Kernel->handle(Object(Illuminate/Http/Request))
#52 D:/Development/json-formatter/vendor/laravel/framework/src/Illuminate/Foundation/Testing/Concerns/MakesHttpRequests.php(368): Illuminate/Foundation/Testing/TestCase->call('GET', '/', Array, Array, Array, Array)
#53 D:/Development/json-formatter/tests/Feature/JsonFormatterTest.php(23): Illuminate/Foundation/Testing/TestCase->get('/')
#54 D:/Development/json-formatter/vendor/phpunit/phpunit/src/Framework/TestCase.php(1318): Tests/Feature/JsonFormatterTest->test_page_does_not_expose_server_storage_features()
#55 D:/Development/json-formatter/vendor/phpunit/phpunit/src/Framework/TestCase.php(1355): PHPUnit/Framework/TestCase->invokeTestMethod('test_page_does_...', Array)
#56 D:/Development/json-formatter/vendor/phpunit/phpunit/src/Framework/TestCase.php(521): PHPUnit/Framework/TestCase->runTest()
#57 D:/Development/json-formatter/vendor/phpunit/phpunit/src/Framework/TestRunner/TestRunner.php(99): PHPUnit/Framework/TestCase->runBare()
#58 D:/Development/json-formatter/vendor/phpunit/phpunit/src/Framework/TestCase.php(361): PHPUnit/Framework/TestRunner->run(Object(Tests/Feature/JsonFormatterTest))
#59 D:/Development/json-formatter/vendor/phpunit/phpunit/src/Framework/TestSuite.php(374): PHPUnit/Framework/TestCase->run()
#60 D:/Development/json-formatter/vendor/phpunit/phpunit/src/Framework/TestSuite.php(374): PHPUnit/Framework/TestSuite->run()
#61 D:/Development/json-formatter/vendor/phpunit/phpunit/src/Framework/TestSuite.php(374): PHPUnit/Framework/TestSuite->run()
#62 D:/Development/json-formatter/vendor/phpunit/phpunit/src/TextUI/TestRunner.php(64): PHPUnit/Framework/TestSuite->run()
#63 D:/Development/json-formatter/vendor/phpunit/phpunit/src/TextUI/Application.php(229): PHPUnit/TextUI/TestRunner->run(Object(PHPUnit/TextUI/Configuration/Configuration), Object(PHPUnit/Runner/ResultCache/DefaultResultCache), Object(PHPUnit/Framework/TestSuite))
#64 D:/Development/json-formatter/vendor/phpunit/phpunit/phpunit(104): PHPUnit/TextUI/Application->run(Array)
#65 D:/Development/json-formatter/vendor/bin/phpunit(122): include('D://Development//...')
#66 {main}
"} 
[2026-09-11 18:56:02] testing.ERROR: Target class [App\Http\Controllers\JsonFormatterController] does not exist. {"exception":"[object] (Illuminate\\Contracts\\Container\\BindingResolutionException(code: 0): Target class [App\\Http\\Controllers\\JsonFormatterController] does not exist. at D:/Development/json-formatter/vendor/laravel/framework/src/Illuminate/Container/Container.php:1149)
[stacktrace]
#0 D:/Development/json-formatter/vendor/laravel/framework/src/Illuminate/Container/Container.php(939): Illuminate/Container/Container->build('App//Http//Contro...')
#1 D:/Development/json-formatter/vendor/laravel/framework/src/Illuminate/Foundation/Application.php(1085): Illuminate/Container/Container->resolve('App//Http//Contro...', Array, true)
#2 D:/Development/json-formatter/vendor/laravel/framework/src/Illuminate/Container/Container.php(867): Illuminate/Foundation/Application->resolve('App//Http//Contro...', Array)
#3 D:/Development/json-formatter/vendor/laravel/framework/src/Illuminate/Foundation/Application.php(1065): Illuminate/Container/Container->make('App//Http//Contro...', Array)
#4 D:/Development/json-formatter/vendor/laravel/framework/src/Illuminate/Routing/Route.php(297): Illuminate/Foundation/Application->make('App//Http//Contro...')
#5 D:/Development/json-formatter/vendor/laravel/framework/src/Illuminate/Routing/Route.php(277): Illuminate/Routing/Route->getController()
#6 D:/Development/json-formatter/vendor/laravel/framework/src/Illuminate/Routing/Route.php(216): Illuminate/Routing/Route->runController()
#7 D:/Development/json-formatter/vendor/laravel/framework/src/Illuminate/Routing/Router.php(822): Illuminate/Routing/Route->run()
#8 D:/Development/json-formatter/vendor/laravel/framework/src/Illuminate/Pipeline/Pipeline.php(180): Illuminate/Routing/Router->Illuminate/Routing/{closure}(Object(Illuminate/Http/Request))
#9 D:/Development/json-formatter/vendor/laravel/framework/src/Illuminate/Routing/Middleware/SubstituteBindings.php(52): Illuminate/Pipeline/Pipeline->Illuminate/Pipeline/{closure}(Object(Illuminate/Http/Request))
#10 D:/Development/json-formatter/vendor/laravel/framework/src/Illuminate/Pipeline/Pipeline.php(219): Illuminate/Routing/Middleware/SubstituteBindings->handle(Object(Illuminate/Http/Request), Object(Closure))
#11 D:/Development/json-formatter/vendor/laravel/framework/src/Illuminate/Foundation/Http/Middleware/PreventRequestForgery.php(104): Illuminate/Pipeline/Pipeline->Illuminate/Pipeline/{closure}(Object(Illuminate/Http/Request))
#12 D:/Development/json-formatter/vendor/laravel/framework/src/Illuminate/Pipeline/Pipeline.php(219): Illuminate/Foundation/Http/Middleware/PreventRequestForgery->handle(Object(Illuminate/Http/Request), Object(Closure))
#13 D:/Development/json-formatter/vendor/laravel/framework/src/Illuminate/View/Middleware/ShareErrorsFromSession.php(48): Illuminate/Pipeline/Pipeline->Illuminate/Pipeline/{closure}(Object(Illuminate/Http/Request))
#14 D:/Development/json-formatter/vendor/laravel/framework/src/Illuminate/Pipeline/Pipeline.php(219): Illuminate/View/Middleware/ShareErrorsFromSession->handle(Object(Illuminate/Http/Request), Object(Closure))
#15 D:/Development/json-formatter/vendor/laravel/framework/src/Illuminate/Session/Middleware/StartSession.php(120): Illuminate/Pipeline/Pipeline->Illuminate/Pipeline/{closure}(Object(Illuminate/Http/Request))
#16 D:/Development/json-formatter/vendor/laravel/framework/src/Illuminate/Session/Middleware/StartSession.php(63): Illuminate/Session/Middleware/StartSession->handleStatefulRequest(Object(Illuminate/Http/Request), Object(Illuminate/Session/Store), Object(Closure))
#17 D:/Development/json-formatter/vendor/laravel/framework/src/Illuminate/Pipeline/Pipeline.php(219): Illuminate/Session/Middleware/StartSession->handle(Object(Illuminate/Http/Request), Object(Closure))
#18 D:/Development/json-formatter/vendor/laravel/framework/src/Illuminate/Cookie/Middleware/AddQueuedCookiesToResponse.php(36): Illuminate/Pipeline/Pipeline->Illuminate/Pipeline/{closure}(Object(Illuminate/Http/Request))
#19 D:/Development/json-formatter/vendor/laravel/framework/src/Illuminate/Pipeline/Pipeline.php(219): Illuminate/Cookie/Middleware/AddQueuedCookiesToResponse->handle(Object(Illuminate/Http/Request), Object(Closure))
#20 D:/Development/json-formatter/vendor/laravel/framework/src/Illuminate/Cookie/Middleware/EncryptCookies.php(74): Illuminate/Pipeline/Pipeline->Illuminate/Pipeline/{closure}(Object(Illuminate/Http/Request))
#21 D:/Development/json-formatter/vendor/laravel/framework/src/Illuminate/Pipeline/Pipeline.php(219): Illuminate/Cookie/Middleware/EncryptCookies->handle(Object(Illuminate/Http/Request), Object(Closure))
#22 D:/Development/json-formatter/vendor/laravel/framework/src/Illuminate/Pipeline/Pipeline.php(137): Illuminate/Pipeline/Pipeline->Illuminate/Pipeline/{closure}(Object(Illuminate/Http/Request))
#23 D:/Development/json-formatter/vendor/laravel/framework/src/Illuminate/Routing/Router.php(821): Illuminate/Pipeline/Pipeline->then(Object(Closure))
#24 D:/Development/json-formatter/vendor/laravel/framework/src/Illuminate/Routing/Router.php(800): Illuminate/Routing/Router->runRouteWithinStack(Object(Illuminate/Routing/Route), Object(Illuminate/Http/Request))
#25 D:/Development/json-formatter/vendor/laravel/framework/src/Illuminate/Routing/Router.php(764): Illuminate/Routing/Router->runRoute(Object(Illuminate/Http/Request), Object(Illuminate/Routing/Route))
#26 D:/Development/json-formatter/vendor/laravel/framework/src/Illuminate/Routing/Router.php(753): Illuminate/Routing/Router->dispatchToRoute(Object(Illuminate/Http/Request))
#27 D:/Development/json-formatter/vendor/laravel/framework/src/Illuminate/Foundation/Http/Kernel.php(200): Illuminate/Routing/Router->dispatch(Object(Illuminate/Http/Request))
#28 D:/Development/json-formatter/vendor/laravel/framework/src/Illuminate/Pipeline/Pipeline.php(180): Illuminate/Foundation/Http/Kernel->Illuminate/Foundation/Http/{closure}(Object(Illuminate/Http/Request))
#29 D:/Development/json-formatter/vendor/laravel/framework/src/Illuminate/Foundation/Http/Middleware/TransformsRequest.php(21): Illuminate/Pipeline/Pipeline->Illuminate/Pipeline/{closure}(Object(Illuminate/Http/Request))
#30 D:/Development/json-formatter/vendor/laravel/framework/src/Illuminate/Foundation/Http/Middleware/ConvertEmptyStringsToNull.php(31): Illuminate/Foundation/Http/Middleware/TransformsRequest->handle(Object(Illuminate/Http/Request), Object(Closure))
#31 D:/Development/json-formatter/vendor/laravel/framework/src/Illuminate/Pipeline/Pipeline.php(219): Illuminate/Foundation/Http/Middleware/ConvertEmptyStringsToNull->handle(Object(Illuminate/Http/Request), Object(Closure))
#32 D:/Development/json-formatter/vendor/laravel/framework/src/Illuminate/Foundation/Http/Middleware/TransformsRequest.php(21): Illuminate/Pipeline/Pipeline->Illuminate/Pipeline/{closure}(Object(Illuminate/Http/Request))
#33 D:/Development/json-formatter/vendor/laravel/framework/src/Illuminate/Foundation/Http/Middleware/TrimStrings.php(51): Illuminate/Foundation/Http/Middleware/TransformsRequest->handle(Object(Illuminate/Http/Request), Object(Closure))
#34 D:/Development/json-formatter/vendor/laravel/framework/src/Illuminate/Pipeline/Pipeline.php(219): Illuminate/Foundation/Http/Middleware/TrimStrings->handle(Object(Illuminate/Http/Request), Object(Closure))
#35 D:/Development/json-formatter/vendor/laravel/framework/src/Illuminate/Http/Middleware/ValidatePostSize.php(27): Illuminate/Pipeline/Pipeline->Illuminate/Pipeline/{closure}(Object(Illuminate/Http/Request))
#36 D:/Development/json-formatter/vendor/laravel/framework/src/Illuminate/Pipeline/Pipeline.php(219): Illuminate/Http/Middleware/ValidatePostSize->handle(Object(Illuminate/Http/Request), Object(Closure))
#37 D:/Development/json-formatter/vendor/laravel/framework/src/Illuminate/Foundation/Http/Middleware/PreventRequestsDuringMaintenance.php(110): Illuminate/Pipeline/Pipeline->Illuminate/Pipeline/{closure}(Object(Illuminate/Http/Request))
#38 D:/Development/json-formatter/vendor/laravel/framework/src/Illuminate/Pipeline/Pipeline.php(219): Illuminate/Foundation/Http/Middleware/PreventRequestsDuringMaintenance->handle(Object(Illuminate/Http/Request), Object(Closure))
#39 D:/Development/json-formatter/vendor/laravel/framework/src/Illuminate/Http/Middleware/HandleCors.php(61): Illuminate/Pipeline/Pipeline->Illuminate/Pipeline/{closure}(Object(Illuminate/Http/Request))
#40 D:/Development/json-formatter/vendor/laravel/framework/src/Illuminate/Pipeline/Pipeline.php(219): Illuminate/Http/Middleware/HandleCors->handle(Object(Illuminate/Http/Request), Object(Closure))
#41 D:/Development/json-formatter/vendor/laravel/framework/src/Illuminate/Http/Middleware/TrustProxies.php(58): Illuminate/Pipeline/Pipeline->Illuminate/Pipeline/{closure}(Object(Illuminate/Http/Request))
#42 D:/Development/json-formatter/vendor/laravel/framework/src/Illuminate/Pipeline/Pipeline.php(219): Illuminate/Http/Middleware/TrustProxies->handle(Object(Illuminate/Http/Request), Object(Closure))
#43 D:/Development/json-formatter/vendor/laravel/framework/src/Illuminate/Foundation/Http/Middleware/InvokeDeferredCallbacks.php(22): Illuminate/Pipeline/Pipeline->Illuminate/Pipeline/{closure}(Object(Illuminate/Http/Request))
#44 D:/Development/json-formatter/vendor/laravel/framework/src/Illuminate/Pipeline/Pipeline.php(219): Illuminate/Foundation/Http/Middleware/InvokeDeferredCallbacks->handle(Object(Illuminate/Http/Request), Object(Closure))
#45 D:/Development/json-formatter/vendor/laravel/framework/src/Illuminate/Http/Middleware/ValidatePathEncoding.php(28): Illuminate/Pipeline/Pipeline->Illuminate/Pipeline/{closure}(Object(Illuminate/Http/Request))
#46 D:/Development/json-formatter/vendor/laravel/framework/src/Illuminate/Pipeline/Pipeline.php(219): Illuminate/Http/Middleware/ValidatePathEncoding->handle(Object(Illuminate/Http/Request), Object(Closure))
#47 D:/Development/json-formatter/vendor/laravel/framework/src/Illuminate/Pipeline/Pipeline.php(137): Illuminate/Pipeline/Pipeline->Illuminate/Pipeline/{closure}(Object(Illuminate/Http/Request))
#48 D:/Development/json-formatter/vendor/laravel/framework/src/Illuminate/Foundation/Http/Kernel.php(175): Illuminate/Pipeline/Pipeline->then(Object(Closure))
#49 D:/Development/json-formatter/vendor/laravel/framework/src/Illuminate/Foundation/Http/Kernel.php(144): Illuminate/Foundation/Http/Kernel->sendRequestThroughRouter(Object(Illuminate/Http/Request))
#50 D:/Development/json-formatter/vendor/laravel/framework/src/Illuminate/Foundation/Testing/Concerns/MakesHttpRequests.php(638): Illuminate/Foundation/Http/Kernel->handle(Object(Illuminate/Http/Request))
#51 D:/Development/json-formatter/vendor/laravel/framework/src/Illuminate/Foundation/Testing/Concerns/MakesHttpRequests.php(368): Illuminate/Foundation/Testing/TestCase->call('GET', '/', Array, Array, Array, Array)
#52 D:/Development/json-formatter/tests/Feature/JsonFormatterTest.php(11): Illuminate/Foundation/Testing/TestCase->get('/')
#53 D:/Development/json-formatter/vendor/phpunit/phpunit/src/Framework/TestCase.php(1318): Tests/Feature/JsonFormatterTest->test_formatter_page_is_available()
#54 D:/Development/json-formatter/vendor/phpunit/phpunit/src/Framework/TestCase.php(1355): PHPUnit/Framework/TestCase->invokeTestMethod('test_formatter_...', Array)
#55 D:/Development/json-formatter/vendor/phpunit/phpunit/src/Framework/TestCase.php(521): PHPUnit/Framework/TestCase->runTest()
#56 D:/Development/json-formatter/vendor/phpunit/phpunit/src/Framework/TestRunner/TestRunner.php(99): PHPUnit/Framework/TestCase->runBare()
#57 D:/Development/json-formatter/vendor/phpunit/phpunit/src/Framework/TestCase.php(361): PHPUnit/Framework/TestRunner->run(Object(Tests/Feature/JsonFormatterTest))
#58 D:/Development/json-formatter/vendor/phpunit/phpunit/src/Framework/TestSuite.php(374): PHPUnit/Framework/TestCase->run()
#59 D:/Development/json-formatter/vendor/phpunit/phpunit/src/Framework/TestSuite.php(374): PHPUnit/Framework/TestSuite->run()
#60 D:/Development/json-formatter/vendor/phpunit/phpunit/src/Framework/TestSuite.php(374): PHPUnit/Framework/TestSuite->run()
#61 D:/Development/json-formatter/vendor/phpunit/phpunit/src/TextUI/TestRunner.php(64): PHPUnit/Framework/TestSuite->run()
#62 D:/Development/json-formatter/vendor/phpunit/phpunit/src/TextUI/Application.php(229): PHPUnit/TextUI/TestRunner->run(Object(PHPUnit/TextUI/Configuration/Configuration), Object(PHPUnit/Runner/ResultCache/DefaultResultCache), Object(PHPUnit/Framework/TestSuite))
#63 D:/Development/json-formatter/vendor/phpunit/phpunit/phpunit(104): PHPUnit/TextUI/Application->run(Array)
#64 D:/Development/json-formatter/vendor/bin/phpunit(122): include('D://Development//...')
#65 {main}

[previous exception] [object] (ReflectionException(code: -1): Class \"App\\Http\\Controllers\\JsonFormatterController\" does not exist at D:/Development/json-formatter/vendor/laravel/framework/src/Illuminate/Container/Container.php:1147)
[stacktrace]
#0 D:/Development/json-formatter/vendor/laravel/framework/src/Illuminate/Container/Container.php(1147): ReflectionClass->__construct('App//Http//Contro...')
#1 D:/Development/json-formatter/vendor/laravel/framework/src/Illuminate/Container/Container.php(939): Illuminate/Container/Container->build('App//Http//Contro...')
#2 D:/Development/json-formatter/vendor/laravel/framework/src/Illuminate/Foundation/Application.php(1085): Illuminate/Container/Container->resolve('App//Http//Contro...', Array, true)
#3 D:/Development/json-formatter/vendor/laravel/framework/src/Illuminate/Container/Container.php(867): Illuminate/Foundation/Application->resolve('App//Http//Contro...', Array)
#4 D:/Development/json-formatter/vendor/laravel/framework/src/Illuminate/Foundation/Application.php(1065): Illuminate/Container/Container->make('App//Http//Contro...', Array)
#5 D:/Development/json-formatter/vendor/laravel/framework/src/Illuminate/Routing/Route.php(297): Illuminate/Foundation/Application->make('App//Http//Contro...')
#6 D:/Development/json-formatter/vendor/laravel/framework/src/Illuminate/Routing/Route.php(277): Illuminate/Routing/Route->getController()
#7 D:/Development/json-formatter/vendor/laravel/framework/src/Illuminate/Routing/Route.php(216): Illuminate/Routing/Route->runController()
#8 D:/Development/json-formatter/vendor/laravel/framework/src/Illuminate/Routing/Router.php(822): Illuminate/Routing/Route->run()
#9 D:/Development/json-formatter/vendor/laravel/framework/src/Illuminate/Pipeline/Pipeline.php(180): Illuminate/Routing/Router->Illuminate/Routing/{closure}(Object(Illuminate/Http/Request))
#10 D:/Development/json-formatter/vendor/laravel/framework/src/Illuminate/Routing/Middleware/SubstituteBindings.php(52): Illuminate/Pipeline/Pipeline->Illuminate/Pipeline/{closure}(Object(Illuminate/Http/Request))
#11 D:/Development/json-formatter/vendor/laravel/framework/src/Illuminate/Pipeline/Pipeline.php(219): Illuminate/Routing/Middleware/SubstituteBindings->handle(Object(Illuminate/Http/Request), Object(Closure))
#12 D:/Development/json-formatter/vendor/laravel/framework/src/Illuminate/Foundation/Http/Middleware/PreventRequestForgery.php(104): Illuminate/Pipeline/Pipeline->Illuminate/Pipeline/{closure}(Object(Illuminate/Http/Request))
#13 D:/Development/json-formatter/vendor/laravel/framework/src/Illuminate/Pipeline/Pipeline.php(219): Illuminate/Foundation/Http/Middleware/PreventRequestForgery->handle(Object(Illuminate/Http/Request), Object(Closure))
#14 D:/Development/json-formatter/vendor/laravel/framework/src/Illuminate/View/Middleware/ShareErrorsFromSession.php(48): Illuminate/Pipeline/Pipeline->Illuminate/Pipeline/{closure}(Object(Illuminate/Http/Request))
#15 D:/Development/json-formatter/vendor/laravel/framework/src/Illuminate/Pipeline/Pipeline.php(219): Illuminate/View/Middleware/ShareErrorsFromSession->handle(Object(Illuminate/Http/Request), Object(Closure))
#16 D:/Development/json-formatter/vendor/laravel/framework/src/Illuminate/Session/Middleware/StartSession.php(120): Illuminate/Pipeline/Pipeline->Illuminate/Pipeline/{closure}(Object(Illuminate/Http/Request))
#17 D:/Development/json-formatter/vendor/laravel/framework/src/Illuminate/Session/Middleware/StartSession.php(63): Illuminate/Session/Middleware/StartSession->handleStatefulRequest(Object(Illuminate/Http/Request), Object(Illuminate/Session/Store), Object(Closure))
#18 D:/Development/json-formatter/vendor/laravel/framework/src/Illuminate/Pipeline/Pipeline.php(219): Illuminate/Session/Middleware/StartSession->handle(Object(Illuminate/Http/Request), Object(Closure))
#19 D:/Development/json-formatter/vendor/laravel/framework/src/Illuminate/Cookie/Middleware/AddQueuedCookiesToResponse.php(36): Illuminate/Pipeline/Pipeline->Illuminate/Pipeline/{closure}(Object(Illuminate/Http/Request))
#20 D:/Development/json-formatter/vendor/laravel/framework/src/Illuminate/Pipeline/Pipeline.php(219): Illuminate/Cookie/Middleware/AddQueuedCookiesToResponse->handle(Object(Illuminate/Http/Request), Object(Closure))
#21 D:/Development/json-formatter/vendor/laravel/framework/src/Illuminate/Cookie/Middleware/EncryptCookies.php(74): Illuminate/Pipeline/Pipeline->Illuminate/Pipeline/{closure}(Object(Illuminate/Http/Request))
#22 D:/Development/json-formatter/vendor/laravel/framework/src/Illuminate/Pipeline/Pipeline.php(219): Illuminate/Cookie/Middleware/EncryptCookies->handle(Object(Illuminate/Http/Request), Object(Closure))
#23 D:/Development/json-formatter/vendor/laravel/framework/src/Illuminate/Pipeline/Pipeline.php(137): Illuminate/Pipeline/Pipeline->Illuminate/Pipeline/{closure}(Object(Illuminate/Http/Request))
#24 D:/Development/json-formatter/vendor/laravel/framework/src/Illuminate/Routing/Router.php(821): Illuminate/Pipeline/Pipeline->then(Object(Closure))
#25 D:/Development/json-formatter/vendor/laravel/framework/src/Illuminate/Routing/Router.php(800): Illuminate/Routing/Router->runRouteWithinStack(Object(Illuminate/Routing/Route), Object(Illuminate/Http/Request))
#26 D:/Development/json-formatter/vendor/laravel/framework/src/Illuminate/Routing/Router.php(764): Illuminate/Routing/Router->runRoute(Object(Illuminate/Http/Request), Object(Illuminate/Routing/Route))
#27 D:/Development/json-formatter/vendor/laravel/framework/src/Illuminate/Routing/Router.php(753): Illuminate/Routing/Router->dispatchToRoute(Object(Illuminate/Http/Request))
#28 D:/Development/json-formatter/vendor/laravel/framework/src/Illuminate/Foundation/Http/Kernel.php(200): Illuminate/Routing/Router->dispatch(Object(Illuminate/Http/Request))
#29 D:/Development/json-formatter/vendor/laravel/framework/src/Illuminate/Pipeline/Pipeline.php(180): Illuminate/Foundation/Http/Kernel->Illuminate/Foundation/Http/{closure}(Object(Illuminate/Http/Request))
#30 D:/Development/json-formatter/vendor/laravel/framework/src/Illuminate/Foundation/Http/Middleware/TransformsRequest.php(21): Illuminate/Pipeline/Pipeline->Illuminate/Pipeline/{closure}(Object(Illuminate/Http/Request))
#31 D:/Development/json-formatter/vendor/laravel/framework/src/Illuminate/Foundation/Http/Middleware/ConvertEmptyStringsToNull.php(31): Illuminate/Foundation/Http/Middleware/TransformsRequest->handle(Object(Illuminate/Http/Request), Object(Closure))
#32 D:/Development/json-formatter/vendor/laravel/framework/src/Illuminate/Pipeline/Pipeline.php(219): Illuminate/Foundation/Http/Middleware/ConvertEmptyStringsToNull->handle(Object(Illuminate/Http/Request), Object(Closure))
#33 D:/Development/json-formatter/vendor/laravel/framework/src/Illuminate/Foundation/Http/Middleware/TransformsRequest.php(21): Illuminate/Pipeline/Pipeline->Illuminate/Pipeline/{closure}(Object(Illuminate/Http/Request))
#34 D:/Development/json-formatter/vendor/laravel/framework/src/Illuminate/Foundation/Http/Middleware/TrimStrings.php(51): Illuminate/Foundation/Http/Middleware/TransformsRequest->handle(Object(Illuminate/Http/Request), Object(Closure))
#35 D:/Development/json-formatter/vendor/laravel/framework/src/Illuminate/Pipeline/Pipeline.php(219): Illuminate/Foundation/Http/Middleware/TrimStrings->handle(Object(Illuminate/Http/Request), Object(Closure))
#36 D:/Development/json-formatter/vendor/laravel/framework/src/Illuminate/Http/Middleware/ValidatePostSize.php(27): Illuminate/Pipeline/Pipeline->Illuminate/Pipeline/{closure}(Object(Illuminate/Http/Request))
#37 D:/Development/json-formatter/vendor/laravel/framework/src/Illuminate/Pipeline/Pipeline.php(219): Illuminate/Http/Middleware/ValidatePostSize->handle(Object(Illuminate/Http/Request), Object(Closure))
#38 D:/Development/json-formatter/vendor/laravel/framework/src/Illuminate/Foundation/Http/Middleware/PreventRequestsDuringMaintenance.php(110): Illuminate/Pipeline/Pipeline->Illuminate/Pipeline/{closure}(Object(Illuminate/Http/Request))
#39 D:/Development/json-formatter/vendor/laravel/framework/src/Illuminate/Pipeline/Pipeline.php(219): Illuminate/Foundation/Http/Middleware/PreventRequestsDuringMaintenance->handle(Object(Illuminate/Http/Request), Object(Closure))
#40 D:/Development/json-formatter/vendor/laravel/framework/src/Illuminate/Http/Middleware/HandleCors.php(61): Illuminate/Pipeline/Pipeline->Illuminate/Pipeline/{closure}(Object(Illuminate/Http/Request))
#41 D:/Development/json-formatter/vendor/laravel/framework/src/Illuminate/Pipeline/Pipeline.php(219): Illuminate/Http/Middleware/HandleCors->handle(Object(Illuminate/Http/Request), Object(Closure))
#42 D:/Development/json-formatter/vendor/laravel/framework/src/Illuminate/Http/Middleware/TrustProxies.php(58): Illuminate/Pipeline/Pipeline->Illuminate/Pipeline/{closure}(Object(Illuminate/Http/Request))
#43 D:/Development/json-formatter/vendor/laravel/framework/src/Illuminate/Pipeline/Pipeline.php(219): Illuminate/Http/Middleware/TrustProxies->handle(Object(Illuminate/Http/Request), Object(Closure))
#44 D:/Development/json-formatter/vendor/laravel/framework/src/Illuminate/Foundation/Http/Middleware/InvokeDeferredCallbacks.php(22): Illuminate/Pipeline/Pipeline->Illuminate/Pipeline/{closure}(Object(Illuminate/Http/Request))
#45 D:/Development/json-formatter/vendor/laravel/framework/src/Illuminate/Pipeline/Pipeline.php(219): Illuminate/Foundation/Http/Middleware/InvokeDeferredCallbacks->handle(Object(Illuminate/Http/Request), Object(Closure))
#46 D:/Development/json-formatter/vendor/laravel/framework/src/Illuminate/Http/Middleware/ValidatePathEncoding.php(28): Illuminate/Pipeline/Pipeline->Illuminate/Pipeline/{closure}(Object(Illuminate/Http/Request))
#47 D:/Development/json-formatter/vendor/laravel/framework/src/Illuminate/Pipeline/Pipeline.php(219): Illuminate/Http/Middleware/ValidatePathEncoding->handle(Object(Illuminate/Http/Request), Object(Closure))
#48 D:/Development/json-formatter/vendor/laravel/framework/src/Illuminate/Pipeline/Pipeline.php(137): Illuminate/Pipeline/Pipeline->Illuminate/Pipeline/{closure}(Object(Illuminate/Http/Request))
#49 D:/Development/json-formatter/vendor/laravel/framework/src/Illuminate/Foundation/Http/Kernel.php(175): Illuminate/Pipeline/Pipeline->then(Object(Closure))
#50 D:/Development/json-formatter/vendor/laravel/framework/src/Illuminate/Foundation/Http/Kernel.php(144): Illuminate/Foundation/Http/Kernel->sendRequestThroughRouter(Object(Illuminate/Http/Request))
#51 D:/Development/json-formatter/vendor/laravel/framework/src/Illuminate/Foundation/Testing/Concerns/MakesHttpRequests.php(638): Illuminate/Foundation/Http/Kernel->handle(Object(Illuminate/Http/Request))
#52 D:/Development/json-formatter/vendor/laravel/framework/src/Illuminate/Foundation/Testing/Concerns/MakesHttpRequests.php(368): Illuminate/Foundation/Testing/TestCase->call('GET', '/', Array, Array, Array, Array)
#53 D:/Development/json-formatter/tests/Feature/JsonFormatterTest.php(11): Illuminate/Foundation/Testing/TestCase->get('/')
#54 D:/Development/json-formatter/vendor/phpunit/phpunit/src/Framework/TestCase.php(1318): Tests/Feature/JsonFormatterTest->test_formatter_page_is_available()
#55 D:/Development/json-formatter/vendor/phpunit/phpunit/src/Framework/TestCase.php(1355): PHPUnit/Framework/TestCase->invokeTestMethod('test_formatter_...', Array)
#56 D:/Development/json-formatter/vendor/phpunit/phpunit/src/Framework/TestCase.php(521): PHPUnit/Framework/TestCase->runTest()
#57 D:/Development/json-formatter/vendor/phpunit/phpunit/src/Framework/TestRunner/TestRunner.php(99): PHPUnit/Framework/TestCase->runBare()
#58 D:/Development/json-formatter/vendor/phpunit/phpunit/src/Framework/TestCase.php(361): PHPUnit/Framework/TestRunner->run(Object(Tests/Feature/JsonFormatterTest))
#59 D:/Development/json-formatter/vendor/phpunit/phpunit/src/Framework/TestSuite.php(374): PHPUnit/Framework/TestCase->run()
#60 D:/Development/json-formatter/vendor/phpunit/phpunit/src/Framework/TestSuite.php(374): PHPUnit/Framework/TestSuite->run()
#61 D:/Development/json-formatter/vendor/phpunit/phpunit/src/Framework/TestSuite.php(374): PHPUnit/Framework/TestSuite->run()
#62 D:/Development/json-formatter/vendor/phpunit/phpunit/src/TextUI/TestRunner.php(64): PHPUnit/Framework/TestSuite->run()
#63 D:/Development/json-formatter/vendor/phpunit/phpunit/src/TextUI/Application.php(229): PHPUnit/TextUI/TestRunner->run(Object(PHPUnit/TextUI/Configuration/Configuration), Object(PHPUnit/Runner/ResultCache/DefaultResultCache), Object(PHPUnit/Framework/TestSuite))
#64 D:/Development/json-formatter/vendor/phpunit/phpunit/phpunit(104): PHPUnit/TextUI/Application->run(Array)
#65 D:/Development/json-formatter/vendor/bin/phpunit(122): include('D://Development//...')
#66 {main}
"} 
[2026-09-11 18:56:03] testing.ERROR: Target class [App\Http\Controllers\JsonFormatterController] does not exist. {"exception":"[object] (Illuminate\\Contracts\\Container\\BindingResolutionException(code: 0): Target class [App\\Http\\Controllers\\JsonFormatterController] does not exist. at D:/Development/json-formatter/vendor/laravel/framework/src/Illuminate/Container/Container.php:1149)
[stacktrace]
#0 D:/Development/json-formatter/vendor/laravel/framework/src/Illuminate/Container/Container.php(939): Illuminate/Container/Container->build('App//Http//Contro...')
#1 D:/Development/json-formatter/vendor/laravel/framework/src/Illuminate/Foundation/Application.php(1085): Illuminate/Container/Container->resolve('App//Http//Contro...', Array, true)
#2 D:/Development/json-formatter/vendor/laravel/framework/src/Illuminate/Container/Container.php(867): Illuminate/Foundation/Application->resolve('App//Http//Contro...', Array)
#3 D:/Development/json-formatter/vendor/laravel/framework/src/Illuminate/Foundation/Application.php(1065): Illuminate/Container/Container->make('App//Http//Contro...', Array)
#4 D:/Development/json-formatter/vendor/laravel/framework/src/Illuminate/Routing/Route.php(297): Illuminate/Foundation/Application->make('App//Http//Contro...')
#5 D:/Development/json-formatter/vendor/laravel/framework/src/Illuminate/Routing/Route.php(277): Illuminate/Routing/Route->getController()
#6 D:/Development/json-formatter/vendor/laravel/framework/src/Illuminate/Routing/Route.php(216): Illuminate/Routing/Route->runController()
#7 D:/Development/json-formatter/vendor/laravel/framework/src/Illuminate/Routing/Router.php(822): Illuminate/Routing/Route->run()
#8 D:/Development/json-formatter/vendor/laravel/framework/src/Illuminate/Pipeline/Pipeline.php(180): Illuminate/Routing/Router->Illuminate/Routing/{closure}(Object(Illuminate/Http/Request))
#9 D:/Development/json-formatter/vendor/laravel/framework/src/Illuminate/Routing/Middleware/SubstituteBindings.php(52): Illuminate/Pipeline/Pipeline->Illuminate/Pipeline/{closure}(Object(Illuminate/Http/Request))
#10 D:/Development/json-formatter/vendor/laravel/framework/src/Illuminate/Pipeline/Pipeline.php(219): Illuminate/Routing/Middleware/SubstituteBindings->handle(Object(Illuminate/Http/Request), Object(Closure))
#11 D:/Development/json-formatter/vendor/laravel/framework/src/Illuminate/Foundation/Http/Middleware/PreventRequestForgery.php(104): Illuminate/Pipeline/Pipeline->Illuminate/Pipeline/{closure}(Object(Illuminate/Http/Request))
#12 D:/Development/json-formatter/vendor/laravel/framework/src/Illuminate/Pipeline/Pipeline.php(219): Illuminate/Foundation/Http/Middleware/PreventRequestForgery->handle(Object(Illuminate/Http/Request), Object(Closure))
#13 D:/Development/json-formatter/vendor/laravel/framework/src/Illuminate/View/Middleware/ShareErrorsFromSession.php(48): Illuminate/Pipeline/Pipeline->Illuminate/Pipeline/{closure}(Object(Illuminate/Http/Request))
#14 D:/Development/json-formatter/vendor/laravel/framework/src/Illuminate/Pipeline/Pipeline.php(219): Illuminate/View/Middleware/ShareErrorsFromSession->handle(Object(Illuminate/Http/Request), Object(Closure))
#15 D:/Development/json-formatter/vendor/laravel/framework/src/Illuminate/Session/Middleware/StartSession.php(120): Illuminate/Pipeline/Pipeline->Illuminate/Pipeline/{closure}(Object(Illuminate/Http/Request))
#16 D:/Development/json-formatter/vendor/laravel/framework/src/Illuminate/Session/Middleware/StartSession.php(63): Illuminate/Session/Middleware/StartSession->handleStatefulRequest(Object(Illuminate/Http/Request), Object(Illuminate/Session/Store), Object(Closure))
#17 D:/Development/json-formatter/vendor/laravel/framework/src/Illuminate/Pipeline/Pipeline.php(219): Illuminate/Session/Middleware/StartSession->handle(Object(Illuminate/Http/Request), Object(Closure))
#18 D:/Development/json-formatter/vendor/laravel/framework/src/Illuminate/Cookie/Middleware/AddQueuedCookiesToResponse.php(36): Illuminate/Pipeline/Pipeline->Illuminate/Pipeline/{closure}(Object(Illuminate/Http/Request))
#19 D:/Development/json-formatter/vendor/laravel/framework/src/Illuminate/Pipeline/Pipeline.php(219): Illuminate/Cookie/Middleware/AddQueuedCookiesToResponse->handle(Object(Illuminate/Http/Request), Object(Closure))
#20 D:/Development/json-formatter/vendor/laravel/framework/src/Illuminate/Cookie/Middleware/EncryptCookies.php(74): Illuminate/Pipeline/Pipeline->Illuminate/Pipeline/{closure}(Object(Illuminate/Http/Request))
#21 D:/Development/json-formatter/vendor/laravel/framework/src/Illuminate/Pipeline/Pipeline.php(219): Illuminate/Cookie/Middleware/EncryptCookies->handle(Object(Illuminate/Http/Request), Object(Closure))
#22 D:/Development/json-formatter/vendor/laravel/framework/src/Illuminate/Pipeline/Pipeline.php(137): Illuminate/Pipeline/Pipeline->Illuminate/Pipeline/{closure}(Object(Illuminate/Http/Request))
#23 D:/Development/json-formatter/vendor/laravel/framework/src/Illuminate/Routing/Router.php(821): Illuminate/Pipeline/Pipeline->then(Object(Closure))
#24 D:/Development/json-formatter/vendor/laravel/framework/src/Illuminate/Routing/Router.php(800): Illuminate/Routing/Router->runRouteWithinStack(Object(Illuminate/Routing/Route), Object(Illuminate/Http/Request))
#25 D:/Development/json-formatter/vendor/laravel/framework/src/Illuminate/Routing/Router.php(764): Illuminate/Routing/Router->runRoute(Object(Illuminate/Http/Request), Object(Illuminate/Routing/Route))
#26 D:/Development/json-formatter/vendor/laravel/framework/src/Illuminate/Routing/Router.php(753): Illuminate/Routing/Router->dispatchToRoute(Object(Illuminate/Http/Request))
#27 D:/Development/json-formatter/vendor/laravel/framework/src/Illuminate/Foundation/Http/Kernel.php(200): Illuminate/Routing/Router->dispatch(Object(Illuminate/Http/Request))
#28 D:/Development/json-formatter/vendor/laravel/framework/src/Illuminate/Pipeline/Pipeline.php(180): Illuminate/Foundation/Http/Kernel->Illuminate/Foundation/Http/{closure}(Object(Illuminate/Http/Request))
#29 D:/Development/json-formatter/vendor/laravel/framework/src/Illuminate/Foundation/Http/Middleware/TransformsRequest.php(21): Illuminate/Pipeline/Pipeline->Illuminate/Pipeline/{closure}(Object(Illuminate/Http/Request))
#30 D:/Development/json-formatter/vendor/laravel/framework/src/Illuminate/Foundation/Http/Middleware/ConvertEmptyStringsToNull.php(31): Illuminate/Foundation/Http/Middleware/TransformsRequest->handle(Object(Illuminate/Http/Request), Object(Closure))
#31 D:/Development/json-formatter/vendor/laravel/framework/src/Illuminate/Pipeline/Pipeline.php(219): Illuminate/Foundation/Http/Middleware/ConvertEmptyStringsToNull->handle(Object(Illuminate/Http/Request), Object(Closure))
#32 D:/Development/json-formatter/vendor/laravel/framework/src/Illuminate/Foundation/Http/Middleware/TransformsRequest.php(21): Illuminate/Pipeline/Pipeline->Illuminate/Pipeline/{closure}(Object(Illuminate/Http/Request))
#33 D:/Development/json-formatter/vendor/laravel/framework/src/Illuminate/Foundation/Http/Middleware/TrimStrings.php(51): Illuminate/Foundation/Http/Middleware/TransformsRequest->handle(Object(Illuminate/Http/Request), Object(Closure))
#34 D:/Development/json-formatter/vendor/laravel/framework/src/Illuminate/Pipeline/Pipeline.php(219): Illuminate/Foundation/Http/Middleware/TrimStrings->handle(Object(Illuminate/Http/Request), Object(Closure))
#35 D:/Development/json-formatter/vendor/laravel/framework/src/Illuminate/Http/Middleware/ValidatePostSize.php(27): Illuminate/Pipeline/Pipeline->Illuminate/Pipeline/{closure}(Object(Illuminate/Http/Request))
#36 D:/Development/json-formatter/vendor/laravel/framework/src/Illuminate/Pipeline/Pipeline.php(219): Illuminate/Http/Middleware/ValidatePostSize->handle(Object(Illuminate/Http/Request), Object(Closure))
#37 D:/Development/json-formatter/vendor/laravel/framework/src/Illuminate/Foundation/Http/Middleware/PreventRequestsDuringMaintenance.php(110): Illuminate/Pipeline/Pipeline->Illuminate/Pipeline/{closure}(Object(Illuminate/Http/Request))
#38 D:/Development/json-formatter/vendor/laravel/framework/src/Illuminate/Pipeline/Pipeline.php(219): Illuminate/Foundation/Http/Middleware/PreventRequestsDuringMaintenance->handle(Object(Illuminate/Http/Request), Object(Closure))
#39 D:/Development/json-formatter/vendor/laravel/framework/src/Illuminate/Http/Middleware/HandleCors.php(61): Illuminate/Pipeline/Pipeline->Illuminate/Pipeline/{closure}(Object(Illuminate/Http/Request))
#40 D:/Development/json-formatter/vendor/laravel/framework/src/Illuminate/Pipeline/Pipeline.php(219): Illuminate/Http/Middleware/HandleCors->handle(Object(Illuminate/Http/Request), Object(Closure))
#41 D:/Development/json-formatter/vendor/laravel/framework/src/Illuminate/Http/Middleware/TrustProxies.php(58): Illuminate/Pipeline/Pipeline->Illuminate/Pipeline/{closure}(Object(Illuminate/Http/Request))
#42 D:/Development/json-formatter/vendor/laravel/framework/src/Illuminate/Pipeline/Pipeline.php(219): Illuminate/Http/Middleware/TrustProxies->handle(Object(Illuminate/Http/Request), Object(Closure))
#43 D:/Development/json-formatter/vendor/laravel/framework/src/Illuminate/Foundation/Http/Middleware/InvokeDeferredCallbacks.php(22): Illuminate/Pipeline/Pipeline->Illuminate/Pipeline/{closure}(Object(Illuminate/Http/Request))
#44 D:/Development/json-formatter/vendor/laravel/framework/src/Illuminate/Pipeline/Pipeline.php(219): Illuminate/Foundation/Http/Middleware/InvokeDeferredCallbacks->handle(Object(Illuminate/Http/Request), Object(Closure))
#45 D:/Development/json-formatter/vendor/laravel/framework/src/Illuminate/Http/Middleware/ValidatePathEncoding.php(28): Illuminate/Pipeline/Pipeline->Illuminate/Pipeline/{closure}(Object(Illuminate/Http/Request))
#46 D:/Development/json-formatter/vendor/laravel/framework/src/Illuminate/Pipeline/Pipeline.php(219): Illuminate/Http/Middleware/ValidatePathEncoding->handle(Object(Illuminate/Http/Request), Object(Closure))
#47 D:/Development/json-formatter/vendor/laravel/framework/src/Illuminate/Pipeline/Pipeline.php(137): Illuminate/Pipeline/Pipeline->Illuminate/Pipeline/{closure}(Object(Illuminate/Http/Request))
#48 D:/Development/json-formatter/vendor/laravel/framework/src/Illuminate/Foundation/Http/Kernel.php(175): Illuminate/Pipeline/Pipeline->then(Object(Closure))
#49 D:/Development/json-formatter/vendor/laravel/framework/src/Illuminate/Foundation/Http/Kernel.php(144): Illuminate/Foundation/Http/Kernel->sendRequestThroughRouter(Object(Illuminate/Http/Request))
#50 D:/Development/json-formatter/vendor/laravel/framework/src/Illuminate/Foundation/Testing/Concerns/MakesHttpRequests.php(638): Illuminate/Foundation/Http/Kernel->handle(Object(Illuminate/Http/Request))
#51 D:/Development/json-formatter/vendor/laravel/framework/src/Illuminate/Foundation/Testing/Concerns/MakesHttpRequests.php(368): Illuminate/Foundation/Testing/TestCase->call('GET', '/', Array, Array, Array, Array)
#52 D:/Development/json-formatter/tests/Feature/JsonFormatterTest.php(23): Illuminate/Foundation/Testing/TestCase->get('/')
#53 D:/Development/json-formatter/vendor/phpunit/phpunit/src/Framework/TestCase.php(1318): Tests/Feature/JsonFormatterTest->test_page_does_not_expose_server_storage_features()
#54 D:/Development/json-formatter/vendor/phpunit/phpunit/src/Framework/TestCase.php(1355): PHPUnit/Framework/TestCase->invokeTestMethod('test_page_does_...', Array)
#55 D:/Development/json-formatter/vendor/phpunit/phpunit/src/Framework/TestCase.php(521): PHPUnit/Framework/TestCase->runTest()
#56 D:/Development/json-formatter/vendor/phpunit/phpunit/src/Framework/TestRunner/TestRunner.php(99): PHPUnit/Framework/TestCase->runBare()
#57 D:/Development/json-formatter/vendor/phpunit/phpunit/src/Framework/TestCase.php(361): PHPUnit/Framework/TestRunner->run(Object(Tests/Feature/JsonFormatterTest))
#58 D:/Development/json-formatter/vendor/phpunit/phpunit/src/Framework/TestSuite.php(374): PHPUnit/Framework/TestCase->run()
#59 D:/Development/json-formatter/vendor/phpunit/phpunit/src/Framework/TestSuite.php(374): PHPUnit/Framework/TestSuite->run()
#60 D:/Development/json-formatter/vendor/phpunit/phpunit/src/Framework/TestSuite.php(374): PHPUnit/Framework/TestSuite->run()
#61 D:/Development/json-formatter/vendor/phpunit/phpunit/src/TextUI/TestRunner.php(64): PHPUnit/Framework/TestSuite->run()
#62 D:/Development/json-formatter/vendor/phpunit/phpunit/src/TextUI/Application.php(229): PHPUnit/TextUI/TestRunner->run(Object(PHPUnit/TextUI/Configuration/Configuration), Object(PHPUnit/Runner/ResultCache/DefaultResultCache), Object(PHPUnit/Framework/TestSuite))
#63 D:/Development/json-formatter/vendor/phpunit/phpunit/phpunit(104): PHPUnit/TextUI/Application->run(Array)
#64 D:/Development/json-formatter/vendor/bin/phpunit(122): include('D://Development//...')
#65 {main}

[previous exception] [object] (ReflectionException(code: -1): Class \"App\\Http\\Controllers\\JsonFormatterController\" does not exist at D:/Development/json-formatter/vendor/laravel/framework/src/Illuminate/Container/Container.php:1147)
[stacktrace]
#0 D:/Development/json-formatter/vendor/laravel/framework/src/Illuminate/Container/Container.php(1147): ReflectionClass->__construct('App//Http//Contro...')
#1 D:/Development/json-formatter/vendor/laravel/framework/src/Illuminate/Container/Container.php(939): Illuminate/Container/Container->build('App//Http//Contro...')
#2 D:/Development/json-formatter/vendor/laravel/framework/src/Illuminate/Foundation/Application.php(1085): Illuminate/Container/Container->resolve('App//Http//Contro...', Array, true)
#3 D:/Development/json-formatter/vendor/laravel/framework/src/Illuminate/Container/Container.php(867): Illuminate/Foundation/Application->resolve('App//Http//Contro...', Array)
#4 D:/Development/json-formatter/vendor/laravel/framework/src/Illuminate/Foundation/Application.php(1065): Illuminate/Container/Container->make('App//Http//Contro...', Array)
#5 D:/Development/json-formatter/vendor/laravel/framework/src/Illuminate/Routing/Route.php(297): Illuminate/Foundation/Application->make('App//Http//Contro...')
#6 D:/Development/json-formatter/vendor/laravel/framework/src/Illuminate/Routing/Route.php(277): Illuminate/Routing/Route->getController()
#7 D:/Development/json-formatter/vendor/laravel/framework/src/Illuminate/Routing/Route.php(216): Illuminate/Routing/Route->runController()
#8 D:/Development/json-formatter/vendor/laravel/framework/src/Illuminate/Routing/Router.php(822): Illuminate/Routing/Route->run()
#9 D:/Development/json-formatter/vendor/laravel/framework/src/Illuminate/Pipeline/Pipeline.php(180): Illuminate/Routing/Router->Illuminate/Routing/{closure}(Object(Illuminate/Http/Request))
#10 D:/Development/json-formatter/vendor/laravel/framework/src/Illuminate/Routing/Middleware/SubstituteBindings.php(52): Illuminate/Pipeline/Pipeline->Illuminate/Pipeline/{closure}(Object(Illuminate/Http/Request))
#11 D:/Development/json-formatter/vendor/laravel/framework/src/Illuminate/Pipeline/Pipeline.php(219): Illuminate/Routing/Middleware/SubstituteBindings->handle(Object(Illuminate/Http/Request), Object(Closure))
#12 D:/Development/json-formatter/vendor/laravel/framework/src/Illuminate/Foundation/Http/Middleware/PreventRequestForgery.php(104): Illuminate/Pipeline/Pipeline->Illuminate/Pipeline/{closure}(Object(Illuminate/Http/Request))
#13 D:/Development/json-formatter/vendor/laravel/framework/src/Illuminate/Pipeline/Pipeline.php(219): Illuminate/Foundation/Http/Middleware/PreventRequestForgery->handle(Object(Illuminate/Http/Request), Object(Closure))
#14 D:/Development/json-formatter/vendor/laravel/framework/src/Illuminate/View/Middleware/ShareErrorsFromSession.php(48): Illuminate/Pipeline/Pipeline->Illuminate/Pipeline/{closure}(Object(Illuminate/Http/Request))
#15 D:/Development/json-formatter/vendor/laravel/framework/src/Illuminate/Pipeline/Pipeline.php(219): Illuminate/View/Middleware/ShareErrorsFromSession->handle(Object(Illuminate/Http/Request), Object(Closure))
#16 D:/Development/json-formatter/vendor/laravel/framework/src/Illuminate/Session/Middleware/StartSession.php(120): Illuminate/Pipeline/Pipeline->Illuminate/Pipeline/{closure}(Object(Illuminate/Http/Request))
#17 D:/Development/json-formatter/vendor/laravel/framework/src/Illuminate/Session/Middleware/StartSession.php(63): Illuminate/Session/Middleware/StartSession->handleStatefulRequest(Object(Illuminate/Http/Request), Object(Illuminate/Session/Store), Object(Closure))
#18 D:/Development/json-formatter/vendor/laravel/framework/src/Illuminate/Pipeline/Pipeline.php(219): Illuminate/Session/Middleware/StartSession->handle(Object(Illuminate/Http/Request), Object(Closure))
#19 D:/Development/json-formatter/vendor/laravel/framework/src/Illuminate/Cookie/Middleware/AddQueuedCookiesToResponse.php(36): Illuminate/Pipeline/Pipeline->Illuminate/Pipeline/{closure}(Object(Illuminate/Http/Request))
#20 D:/Development/json-formatter/vendor/laravel/framework/src/Illuminate/Pipeline/Pipeline.php(219): Illuminate/Cookie/Middleware/AddQueuedCookiesToResponse->handle(Object(Illuminate/Http/Request), Object(Closure))
#21 D:/Development/json-formatter/vendor/laravel/framework/src/Illuminate/Cookie/Middleware/EncryptCookies.php(74): Illuminate/Pipeline/Pipeline->Illuminate/Pipeline/{closure}(Object(Illuminate/Http/Request))
#22 D:/Development/json-formatter/vendor/laravel/framework/src/Illuminate/Pipeline/Pipeline.php(219): Illuminate/Cookie/Middleware/EncryptCookies->handle(Object(Illuminate/Http/Request), Object(Closure))
#23 D:/Development/json-formatter/vendor/laravel/framework/src/Illuminate/Pipeline/Pipeline.php(137): Illuminate/Pipeline/Pipeline->Illuminate/Pipeline/{closure}(Object(Illuminate/Http/Request))
#24 D:/Development/json-formatter/vendor/laravel/framework/src/Illuminate/Routing/Router.php(821): Illuminate/Pipeline/Pipeline->then(Object(Closure))
#25 D:/Development/json-formatter/vendor/laravel/framework/src/Illuminate/Routing/Router.php(800): Illuminate/Routing/Router->runRouteWithinStack(Object(Illuminate/Routing/Route), Object(Illuminate/Http/Request))
#26 D:/Development/json-formatter/vendor/laravel/framework/src/Illuminate/Routing/Router.php(764): Illuminate/Routing/Router->runRoute(Object(Illuminate/Http/Request), Object(Illuminate/Routing/Route))
#27 D:/Development/json-formatter/vendor/laravel/framework/src/Illuminate/Routing/Router.php(753): Illuminate/Routing/Router->dispatchToRoute(Object(Illuminate/Http/Request))
#28 D:/Development/json-formatter/vendor/laravel/framework/src/Illuminate/Foundation/Http/Kernel.php(200): Illuminate/Routing/Router->dispatch(Object(Illuminate/Http/Request))
#29 D:/Development/json-formatter/vendor/laravel/framework/src/Illuminate/Pipeline/Pipeline.php(180): Illuminate/Foundation/Http/Kernel->Illuminate/Foundation/Http/{closure}(Object(Illuminate/Http/Request))
#30 D:/Development/json-formatter/vendor/laravel/framework/src/Illuminate/Foundation/Http/Middleware/TransformsRequest.php(21): Illuminate/Pipeline/Pipeline->Illuminate/Pipeline/{closure}(Object(Illuminate/Http/Request))
#31 D:/Development/json-formatter/vendor/laravel/framework/src/Illuminate/Foundation/Http/Middleware/ConvertEmptyStringsToNull.php(31): Illuminate/Foundation/Http/Middleware/TransformsRequest->handle(Object(Illuminate/Http/Request), Object(Closure))
#32 D:/Development/json-formatter/vendor/laravel/framework/src/Illuminate/Pipeline/Pipeline.php(219): Illuminate/Foundation/Http/Middleware/ConvertEmptyStringsToNull->handle(Object(Illuminate/Http/Request), Object(Closure))
#33 D:/Development/json-formatter/vendor/laravel/framework/src/Illuminate/Foundation/Http/Middleware/TransformsRequest.php(21): Illuminate/Pipeline/Pipeline->Illuminate/Pipeline/{closure}(Object(Illuminate/Http/Request))
#34 D:/Development/json-formatter/vendor/laravel/framework/src/Illuminate/Foundation/Http/Middleware/TrimStrings.php(51): Illuminate/Foundation/Http/Middleware/TransformsRequest->handle(Object(Illuminate/Http/Request), Object(Closure))
#35 D:/Development/json-formatter/vendor/laravel/framework/src/Illuminate/Pipeline/Pipeline.php(219): Illuminate/Foundation/Http/Middleware/TrimStrings->handle(Object(Illuminate/Http/Request), Object(Closure))
#36 D:/Development/json-formatter/vendor/laravel/framework/src/Illuminate/Http/Middleware/ValidatePostSize.php(27): Illuminate/Pipeline/Pipeline->Illuminate/Pipeline/{closure}(Object(Illuminate/Http/Request))
#37 D:/Development/json-formatter/vendor/laravel/framework/src/Illuminate/Pipeline/Pipeline.php(219): Illuminate/Http/Middleware/ValidatePostSize->handle(Object(Illuminate/Http/Request), Object(Closure))
#38 D:/Development/json-formatter/vendor/laravel/framework/src/Illuminate/Foundation/Http/Middleware/PreventRequestsDuringMaintenance.php(110): Illuminate/Pipeline/Pipeline->Illuminate/Pipeline/{closure}(Object(Illuminate/Http/Request))
#39 D:/Development/json-formatter/vendor/laravel/framework/src/Illuminate/Pipeline/Pipeline.php(219): Illuminate/Foundation/Http/Middleware/PreventRequestsDuringMaintenance->handle(Object(Illuminate/Http/Request), Object(Closure))
#40 D:/Development/json-formatter/vendor/laravel/framework/src/Illuminate/Http/Middleware/HandleCors.php(61): Illuminate/Pipeline/Pipeline->Illuminate/Pipeline/{closure}(Object(Illuminate/Http/Request))
#41 D:/Development/json-formatter/vendor/laravel/framework/src/Illuminate/Pipeline/Pipeline.php(219): Illuminate/Http/Middleware/HandleCors->handle(Object(Illuminate/Http/Request), Object(Closure))
#42 D:/Development/json-formatter/vendor/laravel/framework/src/Illuminate/Http/Middleware/TrustProxies.php(58): Illuminate/Pipeline/Pipeline->Illuminate/Pipeline/{closure}(Object(Illuminate/Http/Request))
#43 D:/Development/json-formatter/vendor/laravel/framework/src/Illuminate/Pipeline/Pipeline.php(219): Illuminate/Http/Middleware/TrustProxies->handle(Object(Illuminate/Http/Request), Object(Closure))
#44 D:/Development/json-formatter/vendor/laravel/framework/src/Illuminate/Foundation/Http/Middleware/InvokeDeferredCallbacks.php(22): Illuminate/Pipeline/Pipeline->Illuminate/Pipeline/{closure}(Object(Illuminate/Http/Request))
#45 D:/Development/json-formatter/vendor/laravel/framework/src/Illuminate/Pipeline/Pipeline.php(219): Illuminate/Foundation/Http/Middleware/InvokeDeferredCallbacks->handle(Object(Illuminate/Http/Request), Object(Closure))
#46 D:/Development/json-formatter/vendor/laravel/framework/src/Illuminate/Http/Middleware/ValidatePathEncoding.php(28): Illuminate/Pipeline/Pipeline->Illuminate/Pipeline/{closure}(Object(Illuminate/Http/Request))
#47 D:/Development/json-formatter/vendor/laravel/framework/src/Illuminate/Pipeline/Pipeline.php(219): Illuminate/Http/Middleware/ValidatePathEncoding->handle(Object(Illuminate/Http/Request), Object(Closure))
#48 D:/Development/json-formatter/vendor/laravel/framework/src/Illuminate/Pipeline/Pipeline.php(137): Illuminate/Pipeline/Pipeline->Illuminate/Pipeline/{closure}(Object(Illuminate/Http/Request))
#49 D:/Development/json-formatter/vendor/laravel/framework/src/Illuminate/Foundation/Http/Kernel.php(175): Illuminate/Pipeline/Pipeline->then(Object(Closure))
#50 D:/Development/json-formatter/vendor/laravel/framework/src/Illuminate/Foundation/Http/Kernel.php(144): Illuminate/Foundation/Http/Kernel->sendRequestThroughRouter(Object(Illuminate/Http/Request))
#51 D:/Development/json-formatter/vendor/laravel/framework/src/Illuminate/Foundation/Testing/Concerns/MakesHttpRequests.php(638): Illuminate/Foundation/Http/Kernel->handle(Object(Illuminate/Http/Request))
#52 D:/Development/json-formatter/vendor/laravel/framework/src/Illuminate/Foundation/Testing/Concerns/MakesHttpRequests.php(368): Illuminate/Foundation/Testing/TestCase->call('GET', '/', Array, Array, Array, Array)
#53 D:/Development/json-formatter/tests/Feature/JsonFormatterTest.php(23): Illuminate/Foundation/Testing/TestCase->get('/')
#54 D:/Development/json-formatter/vendor/phpunit/phpunit/src/Framework/TestCase.php(1318): Tests/Feature/JsonFormatterTest->test_page_does_not_expose_server_storage_features()
#55 D:/Development/json-formatter/vendor/phpunit/phpunit/src/Framework/TestCase.php(1355): PHPUnit/Framework/TestCase->invokeTestMethod('test_page_does_...', Array)
#56 D:/Development/json-formatter/vendor/phpunit/phpunit/src/Framework/TestCase.php(521): PHPUnit/Framework/TestCase->runTest()
#57 D:/Development/json-formatter/vendor/phpunit/phpunit/src/Framework/TestRunner/TestRunner.php(99): PHPUnit/Framework/TestCase->runBare()
#58 D:/Development/json-formatter/vendor/phpunit/phpunit/src/Framework/TestCase.php(361): PHPUnit/Framework/TestRunner->run(Object(Tests/Feature/JsonFormatterTest))
#59 D:/Development/json-formatter/vendor/phpunit/phpunit/src/Framework/TestSuite.php(374): PHPUnit/Framework/TestCase->run()
#60 D:/Development/json-formatter/vendor/phpunit/phpunit/src/Framework/TestSuite.php(374): PHPUnit/Framework/TestSuite->run()
#61 D:/Development/json-formatter/vendor/phpunit/phpunit/src/Framework/TestSuite.php(374): PHPUnit/Framework/TestSuite->run()
#62 D:/Development/json-formatter/vendor/phpunit/phpunit/src/TextUI/TestRunner.php(64): PHPUnit/Framework/TestSuite->run()
#63 D:/Development/json-formatter/vendor/phpunit/phpunit/src/TextUI/Application.php(229): PHPUnit/TextUI/TestRunner->run(Object(PHPUnit/TextUI/Configuration/Configuration), Object(PHPUnit/Runner/ResultCache/DefaultResultCache), Object(PHPUnit/Framework/TestSuite))
#64 D:/Development/json-formatter/vendor/phpunit/phpunit/phpunit(104): PHPUnit/TextUI/Application->run(Array)
#65 D:/Development/json-formatter/vendor/bin/phpunit(122): include('D://Development//...')
#66 {main}
"} 
